{"clique_sizes": [2, 3, 4, 5, 6, 7, 8, 9, 10, 11, 12, 13, 14, 15, 16, 17, 18, 19, 20, 21, 22, 23, 24, 25, 26, 27, 28, 29, 30, 31, 32, 33, 34, 35, 36, 37, 38, 39, 40], "homophily_values": {"2": 0.33581907970007785, "3": 0.49213712855685626, "4": 0.5048275771609533, "5": 0.5325200322423602, "6": 0.5504589882766612, "7": 0.5504270501431124, "8": 0.5547842308666662, "9": 0.523574494582126, "10": 0.5008399303200749, "11": 0.4899190745887183, "12": 0.4487151458395845, "13": 0.47266434223153264, "14": 0.43782982880977994, "15": 0.4365924037036885, "16": 0.3766280795178158, "17": 0.3292903389599129, "18": 0.27789998369084756, "19": 0.1401592457453585, "20": 0.1277904854007267, "21": 0.0724188231732742, "22": 0.03557064941245269, "23": 0.021657614143518716, "24": -0.02505092669020942, "25": -0.061824364768916146, "26": -0.11614957812115584, "27": -0.15576885686747266, "28": -0.11919364273940242, "29": -0.11582876721347177, "30": -0.10452639661061619, "31": -0.07439857621939143, "32": -0.06982016402912404, "33": 0.02016757158144037, "34": 0.06883146822019794, "35": 0.11650632942841996, "36": -0.02750993479100347, "37": 0.025318788030280613, "38": -0.15485613114093288, "39": -0.1410861473154788, "40": 0.8361079749035477}}