{"clique_sizes": [2, 3, 4, 5, 6, 7, 8, 9, 10, 11, 12, 13, 14, 15, 16, 17, 18, 19, 20, 21], "homophily_values": {"2": 0.46549921912746983, "3": 0.44298556725199717, "4": 0.37088946690861346, "5": 0.3859469307966946, "6": 0.4504048171413638, "7": 0.5385189137285951, "8": 0.5974715078199921, "9": 0.6087865111946199, "10": 0.6037335631349554, "11": 0.5838555762496246, "12": 0.5343391276589478, "13": 0.43855848203128733, "14": 0.3513417274814747, "15": 0.3266380994791096, "16": 0.35137455398235296, "17": 0.4214796043060192, "18": 0.503694630344386, "19": 0.5898957805156007, "20": 0.5901031293326341, "21": 0.6158804460147325}}