{"clique_sizes": [2, 3, 4, 5, 6, 7, 8, 9, 10, 11, 12, 13, 14, 15, 16, 17, 18, 19, 20, 21, 22, 23, 24, 25, 26, 27, 28, 29, 30, 31, 32, 33, 34, 35, 36, 37, 38, 39, 40, 41, 42, 43, 44, 45, 46, 47, 48, 49, 50, 51, 52, 53, 54, 55, 56, 57], "homophily_values": {"2": 0.3530782824489619, "3": 0.2590444210152904, "4": 0.1089647838884884, "5": 0.0966473562205139, "6": 0.1696081571332469, "7": 0.27345586295889013, "8": 0.3740887010250876, "9": 0.45175347609956995, "10": 0.4965523563886107, "11": 0.5259568401810316, "12": 0.5460644806474648, "13": 0.5438446235306948, "14": 0.5203109183927686, "15": 0.4744913972539044, "16": 0.41114711580169433, "17": 0.3570338302676731, "18": 0.3233377469779726, "19": 0.31595825956640633, "20": 0.28976754069651034, "21": 0.2630535010607815, "22": 0.2716871459404076, "23": 0.2750132604819001, "24": 0.3094170038040414, "25": 0.34693913020003964, "26": 0.3734515372233598, "27": 0.41232893014036065, "28": 0.4579377643345367, "29": 0.5076861075884226, "30": 0.5582163688423203, "31": 0.5760269155634907, "32": 0.5836275378301203, "33": 0.584113670614784, "34": 0.5855779660076229, "35": 0.586070908495208, "36": 0.5750897243274145, "37": 0.5643077403538999, "38": 0.569800028963335, "39": 0.5742758390641639, "40": 0.5769445339331428, "41": 0.5786272109153037, "42": 0.5835577415483787, "43": 0.5689557945340533, "44": 0.541179566017056, "45": 0.5038621425991879, "46": 0.4518336702502993, "47": 0.4022996324411008, "48": 0.3518163830197828, "49": 0.3243782560142311, "50": 0.3016128120272368, "51": 0.2928431903928832, "52": 0.2898836089076824, "53": 0.28917742555616005, "54": 0.3006137680226688, "55": 0.31521152815099873, "56": 0.3324714129067741, "57": 0.4088196534644523}}