{"clique_sizes": [2, 3, 4, 5, 6, 7, 8, 9, 10, 11, 12, 13, 14, 15, 16, 17, 18, 19, 20, 21, 22, 23, 24, 25, 26, 27, 28, 29, 30, 31, 32, 33, 34, 35, 36, 37, 38, 39, 40, 41, 42, 43, 44, 45, 46, 47, 48, 49, 50, 51, 52, 53, 54], "homophily_values": {"2": 0.42290062483807295, "3": 0.48546751117903986, "4": 0.5214306293042725, "5": 0.5682478304647508, "6": 0.6120173092847833, "7": 0.6405418864171504, "8": 0.6415920389978024, "9": 0.6269534008398205, "10": 0.6100981003705711, "11": 0.5999956401153517, "12": 0.6065158646578768, "13": 0.6219992933473452, "14": 0.6515375330945825, "15": 0.6637988880873189, "16": 0.6569587305141131, "17": 0.6293531099040495, "18": 0.5865323773684018, "19": 0.5188805238313513, "20": 0.4785748214141014, "21": 0.4477045044157932, "22": 0.43588094638303987, "23": 0.4252591977592633, "24": 0.40072138851022054, "25": 0.4273584110699902, "26": 0.4520694485148654, "27": 0.4807942306621763, "28": 0.5000935243303162, "29": 0.5162866564263922, "30": 0.5366899353882133, "31": 0.548410558283289, "32": 0.5606078157082297, "33": 0.5772561471071851, "34": 0.6004116858914162, "35": 0.6178343906388017, "36": 0.6199456858977324, "37": 0.6131535776253825, "38": 0.6068447379801805, "39": 0.6004285074291628, "40": 0.5949304131934993, "41": 0.5542549616094332, "42": 0.5075300453149953, "43": 0.4659666071608968, "44": 0.443834642227556, "45": 0.4210580223023279, "46": 0.42437330072740465, "47": 0.4238185139810026, "48": 0.4328603557249614, "49": 0.41060343611581007, "50": 0.4332982049915422, "51": 0.4984383986511958, "52": 0.5002885106617081, "53": 0.5173353095323177, "54": 0.5531660579239455}}