{"clique_sizes": [2, 3, 4, 5, 6, 7, 8, 9, 10, 11, 12, 13, 14, 15, 16, 17, 18, 19, 20, 21, 22, 23, 24, 25, 26, 27, 28, 29, 30, 31, 32, 33, 34, 35], "homophily_values": {"2": 0.39651291094810526, "3": 0.5863745619334533, "4": 0.7029159305372735, "5": 0.7596570953239223, "6": 0.7796592234410401, "7": 0.7598259088315453, "8": 0.7200504553383513, "9": 0.6438623941474714, "10": 0.54968207056113, "11": 0.46751671155672464, "12": 0.4299847761156903, "13": 0.3995025990611616, "14": 0.3754216836120331, "15": 0.3640505288393808, "16": 0.3475972258805384, "17": 0.32271577075965585, "18": 0.2788049689574103, "19": 0.1909733662962595, "20": 0.07647775994556397, "21": -0.05816738163976917, "22": -0.15901304305460312, "23": -0.19194667857064932, "24": -0.14515292864686463, "25": 0.13288184186298088, "26": 0.2824285748702626, "27": 0.30524470552851113, "28": 0.2684985988224923, "29": 0.29639323317788807, "30": 0.2712782820831045, "31": 0.28572345909010416, "32": 0.34418934928328776, "33": 0.3370837043522817, "34": 0.2586082971170833, "35": 0.25287840836718734}}