{"clique_sizes": [2, 3, 4, 5, 6, 7, 8, 9, 10, 11, 12, 13, 14, 15, 16, 17, 18, 19, 20, 21, 22, 23, 24, 25, 26, 27, 28, 29, 30, 31, 32, 33, 34, 35, 36, 37, 38, 39, 40, 41, 42], "homophily_values": {"2": 0.35236952399160487, "3": 0.3928578627596407, "4": 0.35643777703748114, "5": 0.31124119962738583, "6": 0.3008768558778955, "7": 0.3005552562053769, "8": 0.3113031744803507, "9": 0.31651071629218275, "10": 0.32847192261285846, "11": 0.33632316799131556, "12": 0.309019833589723, "13": 0.29529051542649454, "14": 0.3013964760253104, "15": 0.2882378423373537, "16": 0.27847821753172675, "17": 0.23616136760647033, "18": 0.19095535528894755, "19": 0.1580893190771725, "20": 0.1576101380023915, "21": 0.1823993246650501, "22": 0.19561443376254056, "23": 0.22495145632977848, "24": 0.26196824385523493, "25": 0.28539405526103656, "26": 0.29505814418174964, "27": 0.30707275233166303, "28": 0.2983684089181377, "29": 0.3094103053186548, "30": 0.28010435744396545, "31": 0.24537667076404007, "32": 0.22957298659535524, "33": 0.20233610203711522, "34": 0.12979083233895947, "35": 0.030622621182007474, "36": -0.03135580225141087, "37": 0.0008461605188851641, "38": 0.06918165198581305, "39": 0.10475094162478603, "40": 0.13859320615849816, "41": 0.14752956198188222, "42": 0.17951556092562845}}