{"clique_sizes": [2, 3, 4, 5, 6, 7, 8, 9, 10, 11, 12, 13, 14, 15, 16, 17, 18, 19, 20, 21, 22, 23, 24, 25, 26, 27, 28, 29, 30, 31, 32, 33, 34, 35, 36, 37, 38, 39, 40, 41, 42], "homophily_values": {"2": 0.409262594516111, "3": 0.40976417534300663, "4": 0.41316406728425437, "5": 0.426532419893769, "6": 0.404553199809235, "7": 0.3453667826924297, "8": 0.23372096326219977, "9": 0.12780643669996172, "10": 0.05052620188508977, "11": 0.022017047679878637, "12": 0.039340780266006736, "13": 0.045865353065713266, "14": 0.08552137036451779, "15": 0.09272163968731109, "16": 0.1496242271918489, "17": 0.20765595387770588, "18": 0.2654304764166081, "19": 0.29675089564830653, "20": 0.33599684550135545, "21": 0.35333750335906167, "22": 0.34024439705736714, "23": 0.3278343622312584, "24": 0.2764764479889493, "25": 0.2839725047336784, "26": 0.1785318943764124, "27": -0.02352178757215652, "28": -0.2124962206825712, "29": -0.2924151991670901, "30": -0.3510098728035907, "31": -0.35557697547402284, "32": -0.3071575332299172, "33": -0.16401504715890775, "34": -0.12171458149973216, "35": -0.07744312640123956, "36": -0.08049209670333934, "37": -0.10354712386923755, "38": -0.22043090793026715, "39": -0.2866898963683389, "40": -0.36537390602624553, "41": -0.4670062620390777, "42": -0.41493659533090055}}