{"clique_sizes": [2, 3, 4, 5, 6, 7, 8, 9, 10, 11, 12, 13, 14, 15, 16, 17, 18, 19, 20, 21, 22, 23], "homophily_values": {"2": 0.4041959086245773, "3": 0.31168834527231476, "4": 0.3427627006492737, "5": 0.4217546217776269, "6": 0.5111635763761748, "7": 0.587318481683096, "8": 0.6758908544773984, "9": 0.7151615130709137, "10": 0.7278153811894121, "11": 0.7064666983702672, "12": 0.6583484881167005, "13": 0.6411872421761409, "14": 0.6888510432910563, "15": 0.7336088641281605, "16": 0.8139014947923584, "17": 0.8647753145869126, "18": 0.9079084725995805, "19": 0.9429400046157509, "20": 0.9897408881307546, "21": 1, "22": 1, "23": 0.9999999999999997}}