{"clique_sizes": [2, 3, 4, 5, 6, 7, 8, 9, 10, 11, 12, 13, 14, 15, 16, 17, 18, 19, 20, 21, 22, 23], "homophily_values": {"2": 0.3624560611634463, "3": 0.37230488204562107, "4": 0.27450061481942767, "5": 0.2862686062594721, "6": 0.339984934316715, "7": 0.4280776393394032, "8": 0.4880898391633822, "9": 0.505125749071647, "10": 0.549841761086647, "11": 0.5809986230424127, "12": 0.5860637532372283, "13": 0.5445944370677819, "14": 0.41730946283589354, "15": 0.3051403049174465, "16": 0.24731685753173993, "17": 0.29383852179783776, "18": 0.3278880454017015, "19": 0.4723644016372876, "20": 0.5456789313113493, "21": 0.6253429660259557, "22": 0.46096914267314276, "23": 0.1359719206536774}}