{"clique_sizes": [2, 3, 4, 5, 6, 7, 8, 9, 10, 11, 12, 13, 14, 15, 16, 17, 18, 19, 20, 21, 22, 23, 24, 25, 26, 27, 28, 29, 30, 31, 32, 33, 34], "homophily_values": {"2": 0.3708437843921407, "3": 0.4166261870183202, "4": 0.4843834117462809, "5": 0.5440283220793747, "6": 0.570296890464871, "7": 0.5551400516004192, "8": 0.5236363835354029, "9": 0.47275754128547465, "10": 0.4345123495563556, "11": 0.3926523914501532, "12": 0.33764453007649886, "13": 0.29500414707078554, "14": 0.2458123183681899, "15": 0.19241072177394747, "16": 0.14748228786520534, "17": 0.09834284349977879, "18": 0.08708267076877965, "19": 0.07798057896475492, "20": 0.09051827186314915, "21": 0.10604269837009345, "22": 0.13849995064955453, "23": 0.13749446731648954, "24": 0.10348623667483545, "25": 0.04307219888272462, "26": 0.017243497703900202, "27": -0.02037815068462876, "28": -0.023528438551544552, "29": 0.07786824779756968, "30": 0.11666676277147084, "31": 0.01684542624691651, "32": 0.027535232704338244, "33": 0.025922847737534595, "34": -0.04031602411010089}}