{"clique_sizes": [2, 3, 4, 5, 6, 7, 8, 9, 10, 11, 12, 13, 14, 15, 16, 17, 18, 19, 20, 21, 22, 23, 24, 25, 26, 27, 28, 29, 30, 31, 32, 33, 34, 35, 36, 37, 38], "homophily_values": {"2": 0.481952868670673, "3": 0.5568976300150161, "4": 0.6222319528277247, "5": 0.6962705424081567, "6": 0.7291585220870925, "7": 0.7390986062288194, "8": 0.7312209886187996, "9": 0.6978991165774674, "10": 0.6441808120854886, "11": 0.568684012967141, "12": 0.5109831287328629, "13": 0.45321286201305977, "14": 0.4632138893692194, "15": 0.4493367031768231, "16": 0.39355112994608665, "17": 0.41607310468236486, "18": 0.40105346568026917, "19": 0.4601267646351013, "20": 0.5293455859332623, "21": 0.5759849586358516, "22": 0.644189872464866, "23": 0.6755397268030459, "24": 0.7040719639016016, "25": 0.7065261493084275, "26": 0.6078828759293948, "27": 0.4924633565946431, "28": 0.4544206780472402, "29": 0.37840838650083275, "30": 0.19957458417723228, "31": 0.0623049857323507, "32": 0.028953334363327955, "33": 0.10643465377067794, "34": 0.24222861674220392, "35": 0.37875200945893495, "36": 0.485794360932854, "37": 0.5808278887926935, "38": 0.6936576751176678}}