{"clique_sizes": [2, 3, 4, 5, 6, 7, 8, 9, 10, 11, 12, 13, 14, 15, 16, 17, 18, 19, 20, 21, 22, 23, 24, 25, 26, 27, 28, 29, 30], "homophily_values": {"2": 0.42054186884852907, "3": 0.5419924704808831, "4": 0.6098322237201396, "5": 0.6839475151663521, "6": 0.7202471111086343, "7": 0.717104634987999, "8": 0.6975331600126429, "9": 0.6789121704731899, "10": 0.6428611998923323, "11": 0.5860508116252232, "12": 0.5203091818878385, "13": 0.3981680518407773, "14": 0.2767516627544665, "15": 0.16669272611311983, "16": 0.11024680782322505, "17": 0.1024755851505381, "18": 0.11980504182961489, "19": 0.11030230028451155, "20": -0.03743697886211761, "21": -0.10523454239523661, "22": -0.19216643327766042, "23": -0.269992555349708, "24": -0.17221300685834995, "25": -0.16052225904592793, "26": -0.10508272500598007, "27": -0.00397843500431392, "28": 0.3878043490488245, "29": 0.5851857134149889, "30": 0.9283342126155257}}