{"clique_sizes": [2, 3, 4, 5, 6, 7, 8, 9, 10, 11, 12, 13, 14, 15, 16, 17, 18, 19, 20, 21, 22, 23, 24, 25, 26, 27, 28, 29, 30, 31, 32, 33, 34, 35, 36, 37, 38, 39, 40, 41, 42, 43, 44, 45, 46, 47, 48, 49, 50], "homophily_values": {"2": 0.2666338516524036, "3": 0.3491722731759465, "4": 0.36065000151803606, "5": 0.3438362354502338, "6": 0.35462370352313344, "7": 0.37804939896748363, "8": 0.4417971716052876, "9": 0.5060799439581516, "10": 0.5769039379200468, "11": 0.6149501203572008, "12": 0.6446404266057066, "13": 0.6311478566759673, "14": 0.5900322100862125, "15": 0.5887550614048068, "16": 0.5464881613450276, "17": 0.5318762324279753, "18": 0.41670091361535144, "19": 0.31644152429579475, "20": 0.37272237086885046, "21": 0.2555810230200335, "22": 0.14301068212040768, "23": 0.11973934159427788, "24": 0.10567899632558458, "25": 0.1398079059617809, "26": 0.16713641895368522, "27": 0.14790663327314968, "28": 0.11657452100205654, "29": 0.1067673163992007, "30": 0.10137599492488703, "31": 0.04025849945255312, "32": 0.012692059460049542, "33": -0.05735428725161726, "34": -0.06979031644215428, "35": -0.09745086311332088, "36": -0.07913620189474746, "37": -0.07168588843153098, "38": -0.07390337242529998, "39": -0.11641624672019238, "40": -0.21739971600631644, "41": -0.3429949764893671, "42": -0.36527945433435566, "43": -0.3536785352560851, "44": -0.32661041413068803, "45": -0.307050815453628, "46": -0.2957558108197311, "47": -0.290372290840229, "48": -0.29489167203805733, "49": -0.30561380138485966, "50": -0.33814044926048237}}