{"clique_sizes": [2, 3, 4, 5, 6, 7, 8, 9, 10, 11, 12, 13, 14, 15, 16, 17, 18, 19, 20], "homophily_values": {"2": 0.05935143325966108, "3": 0.36775728596855783, "4": 0.4088586283923655, "5": 0.4133446217352955, "6": 0.36291371364283276, "7": 0.46190333458016664, "8": 0.5421725883543099, "9": 0.5059664120584492, "10": 0.4783878916876897, "11": 0.4848465070152055, "12": 0.4858087179855429, "13": 0.5038381461435131, "14": 0.5619383384483473, "15": 0.6153276875840388, "16": 0.6302708543184987, "17": 0.6137090423922821, "18": 0.6661128429539702, "19": 0.6923856256812526, "20": 0.6417197287346355}}