{"clique_sizes": [2, 3, 4, 5, 6, 7, 8, 9, 10, 11, 12, 13, 14, 15, 16, 17, 18, 19, 20, 21, 22, 23, 24, 25, 26, 27, 28, 29, 30, 31, 32, 33, 34, 35, 36, 37, 38, 39, 40, 41, 42, 43, 44, 45], "homophily_values": {"2": 0.4501843407511964, "3": 0.4700798099721487, "4": 0.45873388174222085, "5": 0.4424207090088065, "6": 0.4221740541467343, "7": 0.36399216239598964, "8": 0.29449340094488385, "9": 0.21628314942533258, "10": 0.1617775253843763, "11": 0.11077386325994248, "12": 0.09306783235515444, "13": 0.10105363517442155, "14": 0.10764675264365402, "15": 0.1178523750258237, "16": 0.1259876700324606, "17": 0.14596594584882688, "18": 0.14572440711819276, "19": 0.14349714082056259, "20": 0.1436553607657861, "21": 0.128553738487936, "22": 0.12255948152093939, "23": 0.11815980779670567, "24": 0.2033357357240651, "25": 0.28630059794976576, "26": 0.23177795777227211, "27": 0.20873234091468637, "28": 0.13975121626056397, "29": 0.08854188908064493, "30": 0.1169333852008827, "31": 0.21372481576878494, "32": 0.18187450621070247, "33": 0.15214022451929277, "34": 0.0966754301738087, "35": 0.05684496553898633, "36": 0.07315513897387553, "37": 0.104243790082312, "38": 0.08496849318003777, "39": 0.021932356253729506, "40": 0.055922364241063664, "41": 0.08745720556394146, "42": 0.05012590942792079, "43": 0.0003606340448580013, "44": 0.03826844045488707, "45": 0.005035066665198731}}