{"clique_sizes": [2, 3, 4, 5, 6, 7, 8, 9, 10, 11, 12, 13, 14, 15, 16, 17, 18, 19, 20, 21, 22, 23, 24, 25, 26, 27, 28, 29, 30, 31, 32, 33], "homophily_values": {"2": 0.5008136544228493, "3": 0.5176366098551171, "4": 0.5503007851433619, "5": 0.609875896722677, "6": 0.6451524761404837, "7": 0.6455313140041531, "8": 0.6125693366481714, "9": 0.582191647450961, "10": 0.5490869115641552, "11": 0.501239989204214, "12": 0.43820403250470574, "13": 0.38277584802359144, "14": 0.3220806220198346, "15": 0.26335445180567246, "16": 0.2788627843156096, "17": 0.3202327215785453, "18": 0.3636545772900702, "19": 0.35432374210012296, "20": 0.40338980739595703, "21": 0.44350447460678544, "22": 0.5431592565171275, "23": 0.7069534356400748, "24": 0.7375968981073262, "25": 0.7391097153936083, "26": 0.2986102419929743, "27": -0.017590300279192138, "28": 0.04209569903874738, "29": 0.07533184283314541, "30": 0.06393708510006686, "31": 0.055817253614448524, "32": 0.09937378571809216, "33": 0.233818444704201}}