{"clique_sizes": [2, 3, 4, 5, 6, 7, 8, 9, 10, 11, 12, 13, 14, 15, 16, 17, 18, 19, 20, 21, 22, 23, 24, 25, 26, 27, 28, 29, 30, 31], "homophily_values": {"2": 0.3927447461205795, "3": 0.5201959713760826, "4": 0.5424189416447325, "5": 0.5576393528657877, "6": 0.5788799222093464, "7": 0.5850791684465325, "8": 0.5771107526053024, "9": 0.5546220160810883, "10": 0.5082058174991503, "11": 0.4501343403650522, "12": 0.3864881950432308, "13": 0.3464431719344233, "14": 0.3216600999281389, "15": 0.32451142964837243, "16": 0.3385362218378967, "17": 0.3201889182972448, "18": 0.33570496195354543, "19": 0.3533502251390413, "20": 0.41015849747856836, "21": 0.4600514555752456, "22": 0.5186095652247011, "23": 0.5305890880106556, "24": 0.5090824530902945, "25": 0.5392541789834795, "26": 0.5606275404792532, "27": 0.5369106711455843, "28": 0.40467404738206214, "29": 0.1869967077712945, "30": -0.02109582634733928, "31": -0.09452139988172469}}