{"clique_sizes": [2, 3, 4, 5, 6, 7, 8, 9, 10, 11, 12, 13, 14, 15, 16, 17, 18, 19, 20, 21, 22, 23, 24, 25, 26, 27, 28, 29, 30, 31, 32, 33, 34, 35, 36, 37, 38, 39, 40], "homophily_values": {"2": 0.462549445571557, "3": 0.4923870766436959, "4": 0.4869358563500756, "5": 0.49878987820437654, "6": 0.512319535752326, "7": 0.5245373939186181, "8": 0.517000985757857, "9": 0.4905219577024752, "10": 0.44948693802624573, "11": 0.4164413075373465, "12": 0.38922977233159595, "13": 0.37404812197135084, "14": 0.35622131669735735, "15": 0.3466735720651062, "16": 0.34190766123438143, "17": 0.3413714651142111, "18": 0.3484237511749818, "19": 0.343803508341621, "20": 0.33312098108128213, "21": 0.32991245188193746, "22": 0.3400985875822683, "23": 0.3666068824911596, "24": 0.4308427318073301, "25": 0.5355395300819644, "26": 0.546433165121176, "27": 0.5249782858814734, "28": 0.49522429085866015, "29": 0.4805536618350849, "30": 0.5045468395097282, "31": 0.49401347563223824, "32": 0.5001303182245106, "33": 0.4707104637059285, "34": 0.44128232832812586, "35": 0.3560219162958316, "36": 0.30813870495124057, "37": 0.3838988856156194, "38": 0.39291366362115476, "39": 0.16348682586606555, "40": 0.37168490347878447}}