{"clique_sizes": [2, 3, 4, 5, 6, 7, 8, 9, 10, 11, 12, 13, 14, 15, 16, 17, 18, 19, 20, 21, 22, 23, 24, 25, 26, 27, 28], "homophily_values": {"2": 0.3222277384314286, "3": 0.4177374849362404, "4": 0.5104480373278423, "5": 0.5847967597871958, "6": 0.6386482398567839, "7": 0.6534536686680723, "8": 0.6200361345389671, "9": 0.5644381494259272, "10": 0.5040953694234753, "11": 0.44025115592067815, "12": 0.3882213560924552, "13": 0.37847768946823845, "14": 0.4228916697702313, "15": 0.558270306041257, "16": 0.6533748314897989, "17": 0.6913052384456089, "18": 0.6826445385709005, "19": 0.6044496588740101, "20": 0.44481018152768803, "21": 0.29683363423852105, "22": 0.1652237243547363, "23": 0.1605390702525651, "24": 0.11460762034604421, "25": 0.05181859982751284, "26": -0.03375626068727358, "27": -0.044412555581873896, "28": -0.015082658191967647}}