{"clique_sizes": [2, 3, 4, 5, 6, 7, 8, 9, 10, 11, 12, 13, 14, 15, 16, 17, 18, 19, 20, 21, 22, 23, 24, 25, 26, 27, 28, 29, 30, 31, 32, 33, 34], "homophily_values": {"2": 0.43774509336686507, "3": 0.5776116912811058, "4": 0.6285463751151487, "5": 0.6831709885993367, "6": 0.7235254072787336, "7": 0.7351797753095424, "8": 0.7103526486240405, "9": 0.6704427395471395, "10": 0.6073061462132827, "11": 0.5259472382959051, "12": 0.44619606552776514, "13": 0.3700635019586618, "14": 0.3156962760230053, "15": 0.29554234332697427, "16": 0.30007115838032905, "17": 0.30399579924362985, "18": 0.2934588847718508, "19": 0.2765594136648328, "20": 0.2575132578599439, "21": 0.21454555207473486, "22": 0.18136057241085063, "23": 0.15089273272160755, "24": 0.14404819903660154, "25": 0.16443269918519632, "26": 0.2374115139920674, "27": 0.32702475999272795, "28": 0.43560415914058603, "29": 0.48645925409202534, "30": 0.5336957559249654, "31": 0.5816767287711683, "32": 0.573097368018909, "33": 0.5893028476231401, "34": 0.8290868635500173}}