{"clique_sizes": [2, 3, 4, 5, 6, 7, 8, 9, 10, 11, 12, 13, 14, 15, 16, 17, 18, 19, 20, 21, 22, 23, 24, 25, 26, 27, 28, 29, 30, 31, 32, 33, 34, 35, 36, 37, 38, 39, 40, 41, 42, 43, 44, 45, 46, 47, 48, 49, 50, 51, 52], "homophily_values": {"2": 0.38723377845850687, "3": 0.4822723266650024, "4": 0.4894505431415599, "5": 0.533018849852514, "6": 0.5792495087156054, "7": 0.6288554226025619, "8": 0.6454902744666056, "9": 0.6356616259429678, "10": 0.6263601240708937, "11": 0.629869274496001, "12": 0.6461544716911909, "13": 0.6682658726565796, "14": 0.7010040880774621, "15": 0.7346560514521983, "16": 0.7692513373386493, "17": 0.7919735436250182, "18": 0.789231253973179, "19": 0.7721169571478923, "20": 0.7451435831470418, "21": 0.7084298204739607, "22": 0.6483880365014993, "23": 0.6296191574595822, "24": 0.6546018652557002, "25": 0.6755306562065724, "26": 0.6656682694649052, "27": 0.7037871892679317, "28": 0.7297877170144622, "29": 0.6880820888108321, "30": 0.692407976525006, "31": 0.6478778557277319, "32": 0.7159346445963749, "33": 0.720868187030419, "34": 0.6960011781082999, "35": 0.6738477805617719, "36": 0.6970932896953675, "37": 0.7070923580312427, "38": 0.6978977271328455, "39": 0.6818798566402778, "40": 0.7023776411943036, "41": 0.7147043628942051, "42": 0.7328384400397059, "43": 0.7637166681906324, "44": 0.7851161085407735, "45": 0.791118919639144, "46": 0.7963510924911493, "47": 0.790359081500968, "48": 0.7814360955249865, "49": 0.7806771630683417, "50": 0.7791901934974226, "51": 0.7719026850475368, "52": 0.7691509253986457}}