{"clique_sizes": [2, 3, 4, 5, 6, 7, 8, 9, 10, 11, 12, 13, 14, 15, 16, 17, 18, 19, 20, 21, 22, 23, 24, 25, 26, 27, 28, 29, 30, 31, 32, 33, 34, 35, 36, 37, 38, 39, 40, 41, 42, 43, 44, 45, 46, 47, 48, 49, 50, 51, 52, 53, 54, 55, 56], "homophily_values": {"2": 0.3489627395592558, "3": 0.4030106815760625, "4": 0.41766995047235583, "5": 0.3969345674943097, "6": 0.3570816257589683, "7": 0.3075253018835159, "8": 0.2708023658913772, "9": 0.23663223619070403, "10": 0.21172379126534924, "11": 0.17870584338947815, "12": 0.13177020298455128, "13": 0.09067797574050265, "14": 0.0546378578199396, "15": 0.027060577110521664, "16": 0.01771817527396323, "17": 0.03794864316724651, "18": 0.07698509105476073, "19": 0.1384054259141161, "20": 0.2263854474188345, "21": 0.3380420529815972, "22": 0.3796765957252631, "23": 0.3984394754930035, "24": 0.40512249782554843, "25": 0.41562893853144683, "26": 0.4294763214290438, "27": 0.43286136639260986, "28": 0.4421416575100699, "29": 0.44629436086972885, "30": 0.42950799131824713, "31": 0.4121603675561575, "32": 0.3909689736077792, "33": 0.3877963750629164, "34": 0.40985371219499445, "35": 0.4293512010563001, "36": 0.4441195727574737, "37": 0.449811453781713, "38": 0.44833727557830333, "39": 0.44392095274131305, "40": 0.42408901175300295, "41": 0.4101221017338923, "42": 0.414602935272427, "43": 0.4355044273139667, "44": 0.44621869998563285, "45": 0.4616599397564037, "46": 0.4726197636614303, "47": 0.4774086181250806, "48": 0.4830462654181921, "49": 0.47669227379507395, "50": 0.4713574170269399, "51": 0.4713391230027298, "52": 0.4723884042684744, "53": 0.4728829651786204, "54": 0.47098029940615466, "55": 0.49145549891818535, "56": 0.5387670501226143}}