{"clique_sizes": [2, 3, 4, 5, 6, 7, 8, 9, 10, 11, 12, 13, 14, 15, 16, 17, 18, 19, 20, 21, 22, 23, 24, 25, 26, 27, 28, 29, 30, 31, 32, 33], "homophily_values": {"2": 0.482232826245266, "3": 0.5836943457543234, "4": 0.6349995246005894, "5": 0.6572159157217455, "6": 0.651126388028147, "7": 0.632719762688124, "8": 0.5968748680183398, "9": 0.5455812432069618, "10": 0.4853335494959396, "11": 0.44278694922270123, "12": 0.3892052910541277, "13": 0.31392628044140747, "14": 0.24737125480933853, "15": 0.17869541623098162, "16": 0.13159203218748552, "17": 0.14579436267796275, "18": 0.23151420502581027, "19": 0.326402727475676, "20": 0.46845911586875616, "21": 0.49570110670322426, "22": 0.4285321763534375, "23": 0.3536077592906677, "24": 0.2315548138055223, "25": 0.20463800027147788, "26": 0.08409617664069632, "27": 0.0049108168653306285, "28": 0.0012618913467584958, "29": -0.023560321629237036, "30": -0.05073637428123832, "31": -0.10851741524462745, "32": -0.13776743264759914, "33": -0.16921936976764734}}