{"clique_sizes": [2, 3, 4, 5, 6, 7, 8, 9, 10, 11, 12, 13, 14, 15, 16, 17, 18, 19, 20, 21, 22, 23, 24, 25, 26, 27, 28, 29, 30, 31, 32, 33, 34, 35, 36, 37, 38, 39, 40, 41, 42, 43], "homophily_values": {"2": 0.4162562469543367, "3": 0.5467359033284535, "4": 0.570623245404171, "5": 0.5743910622882696, "6": 0.5882906359862887, "7": 0.5844490603667788, "8": 0.5893719121772616, "9": 0.5636597992606884, "10": 0.5328445038841788, "11": 0.48518273182584, "12": 0.42702082639845845, "13": 0.3467739992981357, "14": 0.3074385284423611, "15": 0.24880745268097193, "16": 0.23583971419722732, "17": 0.2013542154502027, "18": 0.24245988811700975, "19": 0.28018192181039536, "20": 0.2548072053715827, "21": 0.2392510743115288, "22": 0.27523698131687013, "23": 0.22624935006053887, "24": 0.18498635671100497, "25": 0.16438267586354396, "26": 0.19805950082901247, "27": 0.2338150362409893, "28": 0.2921600948955614, "29": 0.3318922104219443, "30": 0.38020546406948164, "31": 0.40531760132158123, "32": 0.42260946793165366, "33": 0.4285102796049721, "34": 0.43089745160714243, "35": 0.45141308790045054, "36": 0.49799581310836405, "37": 0.498475086713341, "38": 0.4870690799775374, "39": 0.46365781279145646, "40": 0.4573619392260205, "41": 0.4484873741670385, "42": 0.41910736050972774, "43": 0.40917419957087686}}