{"clique_sizes": [2, 3, 4, 5, 6, 7, 8, 9, 10, 11, 12, 13, 14, 15, 16, 17, 18, 19, 20, 21, 22, 23, 24, 25], "homophily_values": {"2": 0.3790569348471568, "3": 0.4026494556173431, "4": 0.3412574941692966, "5": 0.43029534049957835, "6": 0.5184942192332294, "7": 0.5841928449972634, "8": 0.6119078545315891, "9": 0.6238178820326085, "10": 0.6142343014656775, "11": 0.630191580328988, "12": 0.6353726108861071, "13": 0.6196003601049764, "14": 0.538543547219156, "15": 0.4485900191059473, "16": 0.3728921831975607, "17": 0.3249401075915071, "18": 0.26418547674017906, "19": 0.2048610735427766, "20": 0.12656578836733628, "21": -0.01838959454143632, "22": 0.15405308042853932, "23": 0.854400033935101, "24": 1, "25": 1}}