{"clique_sizes": [2, 3, 4, 5, 6, 7, 8, 9, 10, 11, 12, 13, 14, 15, 16, 17, 18, 19, 20, 21, 22, 23, 24, 25, 26, 27, 28, 29, 30, 31, 32, 33, 34, 35, 36, 37, 38, 39], "homophily_values": {"2": 0.41830431412431823, "3": 0.5576507845230135, "4": 0.6513117543271403, "5": 0.7027877417379955, "6": 0.7071729366159688, "7": 0.6830405147894848, "8": 0.6529979155835659, "9": 0.629105946799702, "10": 0.6107647209409386, "11": 0.5803010048653189, "12": 0.5384615263698973, "13": 0.48370295042560574, "14": 0.4212909947528783, "15": 0.3686345066579477, "16": 0.3473647041158893, "17": 0.3331386032711738, "18": 0.31374830770620177, "19": 0.2973364458693844, "20": 0.2720503709410226, "21": 0.2483854325113614, "22": 0.23965864348069146, "23": 0.23255497732382396, "24": 0.24593894093018065, "25": 0.2832531516088437, "26": 0.4059173206905975, "27": 0.4959707444887601, "28": 0.5154104581738514, "29": 0.3844152651129827, "30": 0.23152648895246358, "31": 0.1249245407681304, "32": 0.1258270614918868, "33": 0.15583458913934753, "34": 0.20635658717001143, "35": 0.2647780334959111, "36": 0.30996038735170156, "37": 0.28133174436633657, "38": 0.24059358211681642, "39": 0.2170353205357316}}