{"clique_sizes": [2, 3, 4, 5, 6, 7, 8, 9, 10, 11, 12, 13, 14, 15, 16, 17, 18, 19, 20, 21, 22, 23, 24], "homophily_values": {"2": 0.3198767942900301, "3": 0.267071131531761, "4": 0.31503115987211167, "5": 0.46862471554467217, "6": 0.6263158301226402, "7": 0.7364139759521214, "8": 0.8100657067984233, "9": 0.8433655001286612, "10": 0.871886292610079, "11": 0.9019662196696357, "12": 0.9297857234582638, "13": 0.9458041060498699, "14": 0.9604130308579754, "15": 0.9584876407379647, "16": 0.9572761630884987, "17": 0.9773176419469669, "18": 0.9698101492680419, "19": 0.991729654819912, "20": 1, "21": 1, "22": 1, "23": 0.9999999999999997, "24": 1}}