{"clique_sizes": [2, 3, 4, 5, 6, 7, 8, 9, 10, 11, 12, 13, 14, 15, 16, 17, 18, 19, 20, 21, 22, 23, 24, 25, 26, 27, 28, 29, 30, 31, 32, 33, 34, 35, 36, 37, 38, 39, 40, 41, 42, 43, 44, 45, 46, 47, 48], "homophily_values": {"2": 0.24728785840270595, "3": 0.44639095404660706, "4": 0.5254323714711989, "5": 0.576839314750436, "6": 0.6094812430228108, "7": 0.6369014005401012, "8": 0.6514760289131064, "9": 0.6547240826912901, "10": 0.6519820286067616, "11": 0.6231235372630324, "12": 0.5990704626702036, "13": 0.5512580815517751, "14": 0.5028335420053431, "15": 0.47932373423529956, "16": 0.4758005133805915, "17": 0.4502677442294096, "18": 0.44535108676831003, "19": 0.3245421064348204, "20": 0.11340630773360982, "21": -0.22010776472368937, "22": -0.3885615089676072, "23": -0.41266005256341437, "24": -0.45933188985032725, "25": -0.5334865993796081, "26": -0.5819153800332267, "27": -0.5405751276177266, "28": -0.47807420732757866, "29": -0.4107378697666902, "30": -0.3472424249499133, "31": -0.2915742456616546, "32": -0.34979838772500366, "33": -0.34706883108040476, "34": -0.4911187048643682, "35": -0.4529373378941435, "36": -0.42300868444726036, "37": -0.4170044842668347, "38": -0.3756336761000693, "39": -0.3369031529869306, "40": -0.31280070748950606, "41": -0.28198049438049605, "42": -0.269924608931183, "43": -0.2644243166103553, "44": -0.25665606812868746, "45": -0.23768027231074157, "46": -0.21494005469942645, "47": -0.18382902495603395, "48": -0.1384708364495511}}