{"clique_sizes": [2, 3, 4, 5, 6, 7, 8, 9, 10, 11, 12, 13, 14, 15, 16, 17, 18, 19, 20, 21, 22, 23, 24, 25, 26, 27, 28, 29, 30, 31, 32, 33, 34, 35, 36, 37, 38, 39, 40, 41, 42, 43, 44, 45, 46, 47, 48], "homophily_values": {"2": 0.38129160745708796, "3": 0.4810608170362293, "4": 0.5485716637141282, "5": 0.6018639923578901, "6": 0.627263180651863, "7": 0.617822723389066, "8": 0.5932348268937359, "9": 0.572532923231172, "10": 0.5654132538815942, "11": 0.587358734281966, "12": 0.6210214168927665, "13": 0.6335171000490335, "14": 0.6387325488991265, "15": 0.6499269838121752, "16": 0.6539267795287845, "17": 0.6544184816391787, "18": 0.6563574140217946, "19": 0.688657407440446, "20": 0.7013567622274471, "21": 0.7171602928206328, "22": 0.7290645984610531, "23": 0.7349713897995345, "24": 0.7480943260338154, "25": 0.7585075730459768, "26": 0.7586136470986318, "27": 0.7479565353427572, "28": 0.7369836558608798, "29": 0.6981181406707958, "30": 0.6659124879354685, "31": 0.6157006433895386, "32": 0.5678546469611732, "33": 0.5093288838051347, "34": 0.4318636496626996, "35": 0.40272314269535836, "36": 0.4420319881720175, "37": 0.5183581474851684, "38": 0.5435689274674294, "39": 0.566313359273985, "40": 0.5961343749871592, "41": 0.6051409209426879, "42": 0.5619198394927818, "43": 0.43475695302992534, "44": 0.4376621884893257, "45": 0.413478197746842, "46": 0.38549246241695195, "47": 0.578130427859489, "48": 0.5865198795781918}}