{"clique_sizes": [2, 3, 4, 5, 6, 7, 8, 9, 10, 11, 12, 13, 14, 15, 16, 17, 18, 19, 20, 21, 22, 23, 24, 25, 26, 27, 28, 29, 30, 31, 32, 33, 34, 35, 36, 37, 38, 39], "homophily_values": {"2": 0.4162010925620332, "3": 0.5612640736791379, "4": 0.607803417103021, "5": 0.6370809715428872, "6": 0.6064805027264915, "7": 0.5371792705437822, "8": 0.40856776525976374, "9": 0.313778622609314, "10": 0.2538359068890725, "11": 0.1643541581172826, "12": 0.07382202437748048, "13": 0.05937297222074717, "14": 0.08183691719931263, "15": 0.14199492593974436, "16": 0.20197185082539126, "17": 0.14306451303314938, "18": 0.08887573536331131, "19": 0.008219819309324056, "20": -0.042088244571533734, "21": -0.04424822347878857, "22": 0.00568344350217119, "23": 0.04956126033057531, "24": 0.12911162299746826, "25": 0.159768845178328, "26": 0.09936324275556847, "27": 0.05982620979461627, "28": 0.006778243251480409, "29": -0.01854464877956922, "30": -0.015384554915825403, "31": 0.02315860998066642, "32": 0.07791243303280294, "33": 0.08141480856591699, "34": 0.11767416247189819, "35": 0.21526924687186733, "36": 0.3185682691485177, "37": 0.33567577335070714, "38": 0.3878714301774493, "39": 0.3729160484819888}}