{"clique_sizes": [2, 3, 4, 5, 6, 7, 8, 9, 10, 11, 12, 13, 14, 15, 16, 17, 18, 19, 20, 21, 22, 23, 24, 25, 26, 27, 28, 29, 30, 31, 32, 33, 34, 35, 36, 37, 38, 39, 40, 41, 42, 43, 44], "homophily_values": {"2": 0.5183369350161819, "3": 0.48621665630584227, "4": 0.4772375099362237, "5": 0.5158803825922356, "6": 0.5795557749983357, "7": 0.6231457981814765, "8": 0.6553532879127326, "9": 0.682232925029356, "10": 0.6912079946765638, "11": 0.6662847697686545, "12": 0.6475850479893631, "13": 0.609106896731953, "14": 0.5907868434131274, "15": 0.5797112002092477, "16": 0.5814542586703754, "17": 0.6086184629452547, "18": 0.6133108718231678, "19": 0.5807479807344402, "20": 0.5882321859399539, "21": 0.5905707498877293, "22": 0.5116574914209265, "23": 0.39040496402822744, "24": 0.278292589537989, "25": 0.20664488589067223, "26": 0.23888462270535182, "27": 0.2633067596008901, "28": 0.3488179468635806, "29": 0.3635710173970026, "30": 0.35225449281857757, "31": 0.3865914389505632, "32": 0.41864503567161643, "33": 0.4300016177974557, "34": 0.4164971352952433, "35": 0.4157848270800942, "36": 0.45445098209368895, "37": 0.41126028215361377, "38": 0.4245423526831731, "39": 0.49337943895721065, "40": 0.4897551573275286, "41": 0.42381880933873695, "42": 0.5590015977398719, "43": 0.6904417735291233, "44": 0.8332980387417996}}