{"clique_sizes": [2, 3, 4, 5, 6, 7, 8, 9, 10, 11, 12, 13, 14, 15, 16, 17, 18, 19, 20, 21, 22, 23, 24, 25, 26, 27, 28, 29, 30, 31, 32, 33, 34, 35, 36, 37], "homophily_values": {"2": 0.3083264496715775, "3": 0.37860980732204735, "4": 0.46748011293144476, "5": 0.6068668797093228, "6": 0.7211381843321143, "7": 0.8016188724011053, "8": 0.8448803082874055, "9": 0.8644502880270151, "10": 0.8494228250939448, "11": 0.8083172078273803, "12": 0.7189885863556141, "13": 0.5928098462251479, "14": 0.4772875542740673, "15": 0.3739297684682183, "16": 0.3371208283125178, "17": 0.32535104385112984, "18": 0.4186068104460048, "19": 0.4852041213731365, "20": 0.5043397009357835, "21": 0.4593636737349058, "22": 0.34911173031172804, "23": 0.19269779416558608, "24": 0.15205401027889304, "25": 0.16356417806917453, "26": 0.1346586893488269, "27": 0.21918093327338245, "28": 0.292091913378647, "29": 0.3640783575625708, "30": 0.44956187352443117, "31": 0.48165795340094725, "32": 0.5082817992657334, "33": 0.5508377727468169, "34": 0.5364821830234843, "35": 0.5052499645677656, "36": 0.47672545376292436, "37": 0.4395706446894099}}