{"clique_sizes": [2, 3, 4, 5, 6, 7, 8, 9, 10, 11, 12, 13, 14, 15, 16, 17, 18, 19, 20, 21, 22, 23, 24, 25, 26, 27, 28, 29], "homophily_values": {"2": 0.253478274852861, "3": 0.16434118737149894, "4": 0.1327479986129959, "5": 0.17610082932849025, "6": 0.2305362406485758, "7": 0.21429606706281012, "8": 0.18143276536178304, "9": 0.14340852297480777, "10": 0.08023449324954046, "11": 0.020664226289235033, "12": -0.015327284335022173, "13": -0.10849010209875348, "14": -0.1943557356839316, "15": -0.38358778834874235, "16": -0.5103098954313934, "17": -0.5511168346318321, "18": -0.5008275061490961, "19": -0.4541461889017959, "20": -0.4189873208326347, "21": -0.5066538859643422, "22": -0.5331222384242926, "23": -0.31824287050427136, "24": 0.053636619860943535, "25": 0.21295303366436252, "26": 0.3630886879614643, "27": 0.09812383428682278, "28": -0.06823869710117592, "29": -0.5192820761581367}}