{"clique_sizes": [2, 3, 4, 5, 6, 7, 8, 9, 10, 11, 12, 13, 14, 15, 16, 17, 18, 19, 20, 21, 22, 23, 24, 25, 26, 27, 28, 29, 30, 31, 32, 33, 34, 35, 36, 37, 38, 39, 40, 41, 42, 43, 44, 45, 46, 47, 48, 49, 50, 51, 52, 53, 54], "homophily_values": {"2": 0.3345729733982971, "3": 0.35725817978617685, "4": 0.3643810614988724, "5": 0.4310566141210663, "6": 0.46066363530277843, "7": 0.44068394381558584, "8": 0.4066323885975706, "9": 0.35656683298289193, "10": 0.32635529058742163, "11": 0.32629933151971613, "12": 0.3709831058076569, "13": 0.46994700153033064, "14": 0.5383731120370735, "15": 0.5829124979643165, "16": 0.6146087299945523, "17": 0.608162327583891, "18": 0.6250718514041003, "19": 0.624968790582493, "20": 0.6039729095515214, "21": 0.5760398223728515, "22": 0.5749886970893439, "23": 0.5332014774676399, "24": 0.4642436511176944, "25": 0.3301220199445558, "26": 0.27068540809015196, "27": 0.29259731376420184, "28": 0.31784197601468384, "29": 0.32180726088275236, "30": 0.2562634356138337, "31": 0.19107054384300537, "32": 0.14323723112263376, "33": 0.05737798425490792, "34": -0.0024674526168173075, "35": -0.13248873930337784, "36": -0.14419113776197853, "37": -0.21195026256047095, "38": -0.2616235804948262, "39": -0.2994681480051818, "40": -0.3037087434713798, "41": -0.29133732322134687, "42": -0.22727848396636433, "43": -0.13801643059248242, "44": 0.008202109574987699, "45": 0.19674871300906657, "46": 0.2784299578715406, "47": 0.28731614461473826, "48": 0.2985561481461544, "49": 0.31482849571814003, "50": 0.27314009327912103, "51": 0.11028084245680043, "52": 0.14342543141108455, "53": 0.19227337930392024, "54": 0.15512173183282493}}