{"clique_sizes": [2, 3, 4, 5, 6, 7, 8, 9, 10, 11, 12, 13, 14, 15, 16, 17, 18, 19, 20, 21, 22, 23, 24, 25, 26, 27, 28, 29, 30, 31, 32, 33, 34, 35, 36, 37, 38, 39, 40, 41, 42, 43, 44], "homophily_values": {"2": 0.4255317323336492, "3": 0.4481202946403296, "4": 0.4759816484108107, "5": 0.49686690414310714, "6": 0.5018463647770977, "7": 0.5014728943953478, "8": 0.4958874647692451, "9": 0.46697547339292167, "10": 0.4239623366899709, "11": 0.3855924604646645, "12": 0.3593493511135979, "13": 0.3445659505341033, "14": 0.3563368678792811, "15": 0.3812011458216654, "16": 0.4246109817180754, "17": 0.46283365066379345, "18": 0.5038364996830578, "19": 0.5522723016202369, "20": 0.6035221824927754, "21": 0.6354918654904751, "22": 0.6484849498313094, "23": 0.639608143116549, "24": 0.6018339800235668, "25": 0.5414068214996195, "26": 0.5491574691680731, "27": 0.49623160012175915, "28": 0.49141782673484025, "29": 0.43484880730799624, "30": 0.4156639310338375, "31": 0.40434277716806555, "32": 0.41734286562896133, "33": 0.48305989370923, "34": 0.5322714995069856, "35": 0.5911776516678859, "36": 0.6108585845073801, "37": 0.6317256152092656, "38": 0.6437473512479552, "39": 0.6209657413855836, "40": 0.6632458453332667, "41": 0.6236587648873565, "42": 0.6281777410359459, "43": 0.614098207897037, "44": 0.5570005834934946}}