{"clique_sizes": [2, 3, 4, 5, 6, 7, 8, 9, 10, 11, 12, 13, 14, 15, 16, 17, 18, 19, 20, 21, 22, 23, 24, 25, 26, 27], "homophily_values": {"2": 0.41600930385129914, "3": 0.36291758989449363, "4": 0.3026336344741476, "5": 0.20555842917630146, "6": 0.10148754437315621, "7": 0.03457701140562652, "8": 0.026646018128938576, "9": 0.058324757035622066, "10": 0.1344437525500865, "11": 0.1269392063536601, "12": 0.1704459743569089, "13": 0.16250664392053538, "14": 0.09304112088131933, "15": 0.006181885842826612, "16": -0.11418543990189228, "17": -0.1439017488065836, "18": -0.3326204720058348, "19": -0.37014162532757927, "20": -0.34019514902535414, "21": -0.2821109441036681, "22": -0.361682181025584, "23": -0.427357868550149, "24": -0.4964355506070828, "25": -0.5017606160450678, "26": -0.5084649045095548, "27": -0.37882001005740384}}