{"clique_sizes": [2, 3, 4, 5, 6, 7, 8, 9, 10, 11, 12, 13, 14, 15, 16, 17, 18, 19, 20, 21, 22, 23, 24, 25], "homophily_values": {"2": 0.5334288125055511, "3": 0.4178196799131726, "4": 0.42658111234810026, "5": 0.4470768393336424, "6": 0.4596893132634971, "7": 0.4384666520080008, "8": 0.40141665179707187, "9": 0.3662566294226931, "10": 0.3837088037936017, "11": 0.40482706339080465, "12": 0.4647891408123195, "13": 0.52856076884267, "14": 0.5852138287891104, "15": 0.5699041984565176, "16": 0.5551672086088282, "17": 0.5404771703499525, "18": 0.5876899530991702, "19": 0.6701156069866699, "20": 0.6838088295219986, "21": 0.732788199082439, "22": 0.7548097069082322, "23": 0.7912979690952328, "24": 0.839726964141404, "25": 1}}