{"clique_sizes": [2, 3, 4, 5, 6, 7, 8, 9, 10, 11, 12, 13, 14, 15, 16, 17, 18, 19, 20, 21, 22, 23, 24, 25, 26, 27, 28, 29, 30, 31, 32, 33, 34, 35, 36, 37, 38, 39, 40, 41, 42, 43, 44, 45, 46, 47, 48], "homophily_values": {"2": 0.31656991564451253, "3": 0.38715414547874993, "4": 0.43977427813184, "5": 0.4897533533995043, "6": 0.5156731997678433, "7": 0.5319595716945414, "8": 0.5300327511102396, "9": 0.5330048092717179, "10": 0.545763366111369, "11": 0.5678679063664566, "12": 0.600294812388762, "13": 0.6300529543688875, "14": 0.6642336065039437, "15": 0.6907315398458113, "16": 0.7017253061212645, "17": 0.7025790338854208, "18": 0.6843330014183193, "19": 0.6485042294800494, "20": 0.6033707501706929, "21": 0.5580063676464754, "22": 0.506078831919204, "23": 0.4584578536017099, "24": 0.4299288349668511, "25": 0.4366908733112734, "26": 0.4600771868655319, "27": 0.4880414180419511, "28": 0.5012630491231234, "29": 0.51493050279697, "30": 0.5302739639369671, "31": 0.5460700121967862, "32": 0.5633998326775793, "33": 0.5725307958100547, "34": 0.5853071250101152, "35": 0.609385092691427, "36": 0.6144932334971036, "37": 0.6098700879283661, "38": 0.6001170780322501, "39": 0.5979525409736756, "40": 0.5979580589738491, "41": 0.6015188576764229, "42": 0.6119104706644269, "43": 0.570861543165187, "44": 0.5254802751177755, "45": 0.540418823090846, "46": 0.6473710620199274, "47": 0.5859075203230568, "48": 0.5491295624775205}}