{"clique_sizes": [2, 3, 4, 5, 6, 7, 8, 9, 10, 11, 12, 13, 14, 15, 16, 17, 18, 19, 20, 21, 22, 23, 24, 25, 26, 27, 28, 29, 30, 31, 32, 33], "homophily_values": {"2": 0.43746124446839263, "3": 0.5155020082447245, "4": 0.5139521123600703, "5": 0.5135542914462606, "6": 0.49626965874933016, "7": 0.4796378323040049, "8": 0.47530614717762487, "9": 0.4734647728099093, "10": 0.4656997408376436, "11": 0.4725247554682792, "12": 0.4859729470682421, "13": 0.48141328700855357, "14": 0.4743884994209071, "15": 0.4701737029724252, "16": 0.4727457974185797, "17": 0.45864922538487635, "18": 0.43065001517928403, "19": 0.4622689956353774, "20": 0.43007053719867744, "21": 0.3955537501150497, "22": 0.3873816926763124, "23": 0.36383996120470896, "24": 0.34931952212750306, "25": 0.3303778829675745, "26": 0.3218332835779765, "27": 0.2854746365702685, "28": 0.28053288168150314, "29": 0.25914820109780146, "30": 0.26126382152102834, "31": 0.29205223754444604, "32": 0.41306043228932277, "33": 0.4986590135818294}}