{"clique_sizes": [2, 3, 4, 5, 6, 7, 8, 9, 10, 11, 12, 13, 14, 15, 16, 17, 18, 19, 20, 21, 22, 23, 24, 25, 26, 27, 28, 29, 30, 31, 32, 33, 34, 35, 36, 37, 38, 39, 40, 41, 42, 43, 44, 45, 46], "homophily_values": {"2": 0.38274277359751985, "3": 0.4698587600205843, "4": 0.4858566555813149, "5": 0.47926064702560073, "6": 0.5019850592277685, "7": 0.5620417858305852, "8": 0.6545722125400273, "9": 0.7497211479318793, "10": 0.8147531142089186, "11": 0.8592478667373564, "12": 0.8876124127594798, "13": 0.9070820975699623, "14": 0.9137113398171599, "15": 0.9159376776361065, "16": 0.9116228345930968, "17": 0.8904999972263156, "18": 0.8511883180662905, "19": 0.8125296608884383, "20": 0.7739830836688658, "21": 0.726336199359418, "22": 0.6818699676730233, "23": 0.6307184350481396, "24": 0.5926536246717992, "25": 0.5674068595916091, "26": 0.5593113080305678, "27": 0.592060933885308, "28": 0.5990480749035366, "29": 0.5676943470916194, "30": 0.49041609850214407, "31": 0.4527349294165731, "32": 0.39863739935382436, "33": 0.38860308999489845, "34": 0.3247377758650089, "35": 0.3281344672884434, "36": 0.3669592469279993, "37": 0.3854098153841403, "38": 0.41580542783478636, "39": 0.24255177989902993, "40": 0.16138071595352135, "41": 0.13869678581298417, "42": 0.11804326658553575, "43": 0.10468921391664401, "44": 0.09386002711107995, "45": 0.137856420854296, "46": 0.04904328173468047}}