{"clique_sizes": [2, 3, 4, 5, 6, 7, 8, 9, 10, 11, 12, 13, 14, 15, 16, 17, 18, 19, 20, 21, 22, 23, 24, 25, 26, 27, 28, 29, 30, 31, 32, 33, 34, 35, 36, 37, 38, 39, 40, 41, 42, 43, 44, 45, 46, 47, 48, 49], "homophily_values": {"2": 0.3613960598400717, "3": 0.45901072813830845, "4": 0.5587588940549797, "5": 0.624893827471201, "6": 0.6545190199692363, "7": 0.6450481657700076, "8": 0.6064115324524569, "9": 0.551386500411642, "10": 0.47812444819483335, "11": 0.44496837816701107, "12": 0.4050034987426462, "13": 0.3691134117051145, "14": 0.2993248095172589, "15": 0.24699658486063966, "16": 0.24655045350174648, "17": 0.24459249232035546, "18": 0.19769898846426176, "19": 0.19777137725608376, "20": 0.1634391856715796, "21": 0.09041801443897624, "22": 0.022001212314079754, "23": -0.049052031658274126, "24": -0.13251075027133252, "25": -0.19129726777049275, "26": -0.1700518120315489, "27": -0.13084111106634214, "28": -0.059732060972154916, "29": -0.0029335605216556163, "30": 0.05373768279440644, "31": 0.08123153100670474, "32": 0.10455442336382242, "33": 0.09591719359584998, "34": 0.034559172146383495, "35": -0.14918475273583856, "36": -0.20703889939204403, "37": -0.2097960421418762, "38": -0.2517681507952702, "39": -0.24919431238438153, "40": -0.24842457203958287, "41": -0.2719090512027157, "42": -0.3013669014578266, "43": -0.31211169502065045, "44": -0.3342742610269323, "45": -0.33877746684812454, "46": -0.35375765290688044, "47": -0.3422161561933635, "48": -0.34821417367949853, "49": -0.33600434109110316}}