{"clique_sizes": [2, 3, 4, 5, 6, 7, 8, 9, 10, 11, 12, 13, 14, 15, 16, 17, 18, 19, 20, 21, 22, 23, 24, 25, 26, 27, 28, 29, 30, 31, 32, 33, 34, 35], "homophily_values": {"2": 0.3455550679975916, "3": 0.47192253048149596, "4": 0.5282746132084346, "5": 0.517305577346596, "6": 0.41680090334436704, "7": 0.26094644007525847, "8": 0.1584730340967222, "9": 0.14273425038693854, "10": 0.11630250321226415, "11": 0.1290525424184651, "12": 0.14669435453804408, "13": 0.23191089428506573, "14": 0.27536472682543406, "15": 0.29415784639676196, "16": 0.33227196405706566, "17": 0.3366775278458899, "18": 0.2656936954336481, "19": 0.27800028056815607, "20": 0.34734676572708634, "21": 0.4599779861194028, "22": 0.37584867193903054, "23": 0.225396336018022, "24": 0.17383893548204557, "25": -0.04941891009530587, "26": -0.1264236785776087, "27": -0.1428144176172671, "28": -0.10797356374747172, "29": 0.05778351827749932, "30": 0.029900485838850605, "31": -0.046631343425664995, "32": -0.12241322056164952, "33": -0.03762212703379452, "34": 0.0437746904914301, "35": 0.021047293843115884}}