{"clique_sizes": [2, 3, 4, 5, 6, 7, 8, 9, 10, 11, 12, 13, 14, 15, 16, 17, 18, 19, 20, 21, 22, 23, 24, 25, 26, 27, 28, 29, 30, 31, 32, 33, 34, 35, 36, 37, 38, 39, 40], "homophily_values": {"2": 0.3620096451989438, "3": 0.5119459394211194, "4": 0.5488759553700864, "5": 0.5725355825086313, "6": 0.6184348829003529, "7": 0.652292417093665, "8": 0.6491947640582583, "9": 0.6407856261618035, "10": 0.6304869922199301, "11": 0.6132229432476055, "12": 0.6001194941105946, "13": 0.6132811100215867, "14": 0.6415804383126374, "15": 0.654997797316853, "16": 0.6564877259216142, "17": 0.6664574149219932, "18": 0.6703663919252358, "19": 0.6826580243815868, "20": 0.7115895165584971, "21": 0.7299768459581643, "22": 0.7368849372775115, "23": 0.7367241153901951, "24": 0.7095100729746084, "25": 0.676660228240341, "26": 0.6441851126242729, "27": 0.5824056730213211, "28": 0.5299814208162349, "29": 0.4932296129512547, "30": 0.5082878003728799, "31": 0.5124404164408338, "32": 0.47958552115668807, "33": 0.4817064658566234, "34": 0.5136715298170835, "35": 0.45777747422950377, "36": 0.3216286143498566, "37": 0.23743271025699447, "38": 0.17234131792735777, "39": 0.14175369701816848, "40": 0.16672027529045697}}