{"clique_sizes": [2, 3, 4, 5, 6, 7, 8, 9, 10, 11, 12, 13, 14, 15, 16, 17, 18, 19, 20, 21, 22, 23, 24, 25], "homophily_values": {"2": 0.45629600920191826, "3": 0.5628125125326577, "4": 0.6288306271061946, "5": 0.6619577258425983, "6": 0.6659246980733653, "7": 0.6431313285751812, "8": 0.5980169623722043, "9": 0.5557805327709614, "10": 0.5254021934179912, "11": 0.511463116743137, "12": 0.5091253221132054, "13": 0.4821466666423167, "14": 0.4940248330434596, "15": 0.4909043994090272, "16": 0.5346018515403337, "17": 0.5951315885106132, "18": 0.6318145304667869, "19": 0.6338806970061163, "20": 0.5467741022944232, "21": 0.5546309096650011, "22": 0.5546905528987254, "23": 0.5506584186835665, "24": 0.5110562406486518, "25": 0.49133796705676247}}