{"clique_sizes": [2, 3, 4, 5, 6, 7, 8, 9, 10, 11, 12, 13, 14, 15, 16, 17, 18, 19, 20, 21, 22, 23, 24, 25, 26, 27, 28, 29, 30, 31, 32, 33, 34, 35, 36, 37], "homophily_values": {"2": 0.3704780730860588, "3": 0.49348701608341433, "4": 0.5243536367110904, "5": 0.542212270756015, "6": 0.5427090995995897, "7": 0.541713252533016, "8": 0.48360455649889367, "9": 0.418993618186218, "10": 0.3777286279820774, "11": 0.3545544308272346, "12": 0.35892740705762866, "13": 0.38792330488298743, "14": 0.39642861896408993, "15": 0.4162792673664684, "16": 0.4391576049999242, "17": 0.4396177301739189, "18": 0.4539489074540637, "19": 0.480734153693394, "20": 0.442282058774976, "21": 0.3532462584223195, "22": 0.35329690778794726, "23": 0.37835263861268137, "24": 0.43920551893580695, "25": 0.457463127699395, "26": 0.39892305439186965, "27": 0.3153645491696637, "28": 0.31881374789137606, "29": 0.24345565389376497, "30": 0.17344439273031664, "31": 0.14564831165726236, "32": 0.1658156247070556, "33": 0.1431102720701536, "34": 0.22697112580152867, "35": 0.35449848063860434, "36": 0.6544554178250824, "37": 0.8302699091596071}}