{"clique_sizes": [2, 3, 4, 5, 6, 7, 8, 9, 10, 11, 12, 13, 14, 15, 16, 17, 18, 19, 20, 21, 22], "homophily_values": {"2": 0.4077100984323947, "3": 0.18809080016515156, "4": 0.26612557514178037, "5": 0.2991921936765485, "6": 0.28597486516360726, "7": 0.2591495554983692, "8": 0.23608329757989482, "9": 0.2033865982877527, "10": 0.23037342978745212, "11": 0.2986956544597368, "12": 0.38832387390487594, "13": 0.4403961851599324, "14": 0.510715703336314, "15": 0.5139570101922359, "16": 0.4400203623880567, "17": 0.44092302128727423, "18": 0.6483156682170524, "19": 0.8319977606343555, "20": 0.8661305548391185, "21": 0.8652198783414253, "22": 0.8499039554256781}}