{"clique_sizes": [2, 3, 4, 5, 6, 7, 8, 9, 10, 11, 12, 13, 14, 15, 16, 17, 18, 19, 20, 21, 22, 23, 24, 25, 26, 27, 28, 29, 30, 31, 32, 33, 34, 35, 36, 37, 38, 39, 40, 41, 42, 43, 44, 45, 46, 47, 48, 49, 50, 51, 52, 53, 54, 55, 56, 57, 58], "homophily_values": {"2": 0.2814382600300616, "3": 0.24918626885172657, "4": 0.26004228251254746, "5": 0.35726812807667785, "6": 0.4556524976734498, "7": 0.4966220063748995, "8": 0.4998642932731589, "9": 0.4812957468852862, "10": 0.45694324807952946, "11": 0.425144400890542, "12": 0.39127714715272066, "13": 0.3847538333739932, "14": 0.4054732385059071, "15": 0.43459242554149147, "16": 0.4670110753637954, "17": 0.5040098386410646, "18": 0.5190291757131431, "19": 0.5218194065648729, "20": 0.5106989071765489, "21": 0.530126722513097, "22": 0.5889772282318159, "23": 0.6470833556953182, "24": 0.6925326167036017, "25": 0.7264775112961176, "26": 0.746241673761886, "27": 0.7615320287681083, "28": 0.7754993618465409, "29": 0.7886978304547355, "30": 0.7991251422839588, "31": 0.8074274045141127, "32": 0.8145982116512498, "33": 0.8226721027002288, "34": 0.8333343610151416, "35": 0.8450878747131634, "36": 0.847175398918437, "37": 0.846917697840885, "38": 0.850445800726664, "39": 0.8578800316488353, "40": 0.8688337784897435, "41": 0.8831508534898317, "42": 0.9039890107658756, "43": 0.9262894413679469, "44": 0.9507446545690826, "45": 0.9672958043759868, "46": 0.9740248354685186, "47": 0.9760909081277357, "48": 0.9757639503701975, "49": 0.9748178560932399, "50": 0.9733419243378455, "51": 0.9731836051982888, "52": 0.9728100297485024, "53": 0.9824426582191019, "54": 0.9923825531491153, "55": 1, "56": 1, "57": 1, "58": 1}}