{"clique_sizes": [2, 3, 4, 5, 6, 7, 8, 9, 10, 11, 12, 13, 14, 15, 16, 17, 18, 19, 20, 21, 22, 23, 24, 25, 26, 27, 28, 29, 30, 31, 32, 33, 34, 35, 36, 37, 38, 39, 40, 41, 42, 43, 44], "homophily_values": {"2": 0.29869150313775605, "3": 0.2283353577247218, "4": 0.23823730203108062, "5": 0.28427837336861883, "6": 0.32225668427582044, "7": 0.3345617932476659, "8": 0.3658765316735171, "9": 0.3982415786454431, "10": 0.4086468452339424, "11": 0.4140783242680832, "12": 0.4096928722927354, "13": 0.3981669267213097, "14": 0.39679090233519415, "15": 0.3878368949524626, "16": 0.38810939002844624, "17": 0.40700067215312274, "18": 0.40484202441308126, "19": 0.34793663207076286, "20": 0.30137758631110834, "21": 0.2938494847015998, "22": 0.27778006356577917, "23": 0.27719258036478844, "24": 0.23572667901212646, "25": 0.17878096149007522, "26": 0.11125503507533879, "27": 0.09350910996936208, "28": 0.07552370426506523, "29": 0.10903880793438783, "30": 0.0821562405067859, "31": 0.1166778493119468, "32": 0.19061484827803782, "33": 0.32391513604557665, "34": 0.2486944572045607, "35": 0.13360636881836213, "36": 0.28635266150184757, "37": 0.2629342602635534, "38": 0.35640620406714435, "39": 0.39831250029111553, "40": 0.4300275109441391, "41": 0.25281167659701814, "42": 0.24358319764177971, "43": 0.22021410902679206, "44": 0.28083350691163533}}