{"clique_sizes": [2, 3, 4, 5, 6, 7, 8, 9, 10, 11, 12, 13, 14, 15, 16, 17, 18, 19, 20, 21, 22, 23, 24, 25, 26, 27, 28, 29, 30, 31, 32, 33, 34, 35], "homophily_values": {"2": 0.20427605689971662, "3": 0.3866299216877843, "4": 0.46614120636947964, "5": 0.5412361808663557, "6": 0.5848281022082562, "7": 0.5834561934368394, "8": 0.5422448332284955, "9": 0.4813401369582313, "10": 0.4418671416940985, "11": 0.43626118564310373, "12": 0.4824867015520967, "13": 0.5663984968942305, "14": 0.6725741460581376, "15": 0.7877639582279579, "16": 0.837390063934684, "17": 0.8705659549048167, "18": 0.880526307422229, "19": 0.8437847713180353, "20": 0.7224944974520832, "21": 0.5429656459740491, "22": 0.28199110583570514, "23": 0.1593784447886365, "24": 0.10068283807999424, "25": 0.09056562434374496, "26": 0.07732511394628634, "27": 0.0757094604455375, "28": 0.10857147082530819, "29": 0.13022850931774282, "30": 0.1223667550324536, "31": 0.10999737801376604, "32": 0.44939669554401473, "33": 0.42333325274887434, "34": 0.38981022869513987, "35": 0.3871142503241321}}