{"clique_sizes": [2, 3, 4, 5, 6, 7, 8, 9, 10, 11, 12, 13, 14, 15, 16, 17, 18, 19, 20, 21, 22, 23, 24, 25, 26, 27, 28, 29, 30, 31, 32, 33, 34], "homophily_values": {"2": 0.44969734574472164, "3": 0.5383624635366664, "4": 0.6258220223884701, "5": 0.6641519750024188, "6": 0.6783446153918969, "7": 0.6650550890738853, "8": 0.6310627751876521, "9": 0.5892599835192158, "10": 0.5264516525118061, "11": 0.4334517408255728, "12": 0.33567899591549666, "13": 0.26627129973464847, "14": 0.22481857154919893, "15": 0.18958532831757408, "16": 0.1758270039687489, "17": 0.19549734978705657, "18": 0.2098575092576948, "19": 0.24475231383436286, "20": 0.2803807062195218, "21": 0.2985482797970669, "22": 0.2804500648224277, "23": 0.3670535711280049, "24": 0.4860648693802494, "25": 0.5283146204324964, "26": 0.5269158072315452, "27": 0.4833156458061552, "28": 0.4565798644387856, "29": 0.43144457479688414, "30": 0.376815584846221, "31": 0.34086568020184344, "32": 0.3172945826055707, "33": 0.36779033787241133, "34": 0.4291826537686785}}