{"clique_sizes": [2, 3, 4, 5, 6, 7, 8, 9, 10, 11, 12, 13, 14, 15, 16], "homophily_values": {"2": 0.45599110252087416, "3": 0.20736079254538164, "4": 0.19037908447111385, "5": 0.18255797121786999, "6": 0.23490086174371289, "7": 0.25754222282832945, "8": 0.3131166195936797, "9": 0.4195139124424001, "10": 0.3622469042126879, "11": 0.3209330258244034, "12": 0.5552315135155511, "13": 0.9209559721611527, "14": 1, "15": 1, "16": 1}}