{"clique_sizes": [2, 3, 4, 5, 6, 7, 8, 9, 10, 11, 12, 13, 14, 15, 16, 17, 18, 19, 20, 21, 22, 23, 24, 25, 26, 27, 28, 29], "homophily_values": {"2": 0.3734334907344198, "3": 0.4766407859507791, "4": 0.43512545142386466, "5": 0.408639189573025, "6": 0.3945555902100347, "7": 0.3892573991680524, "8": 0.3820086342726011, "9": 0.3898337346890325, "10": 0.39377788289827986, "11": 0.4181945552776014, "12": 0.4399936588938512, "13": 0.46679095120353986, "14": 0.4813862792446767, "15": 0.5010842306379014, "16": 0.5127526045787973, "17": 0.5440948135069804, "18": 0.5808100398543219, "19": 0.6159324983601362, "20": 0.6543307388274864, "21": 0.6967249228260793, "22": 0.7030548513170076, "23": 0.6906213162336639, "24": 0.7187593803548393, "25": 0.8063531278796139, "26": 0.8427951628584566, "27": 0.8774713703023462, "28": 0.9716824887175634, "29": 1}}