{"clique_sizes": [2, 3, 4, 5, 6, 7, 8, 9, 10, 11, 12, 13, 14, 15, 16, 17, 18, 19, 20, 21, 22, 23, 24, 25, 26, 27, 28, 29, 30, 31, 32, 33, 34, 35, 36, 37, 38, 39], "homophily_values": {"2": 0.39849258368617724, "3": 0.34228307383347095, "4": 0.4037629827905843, "5": 0.4676870343205532, "6": 0.5225799200839112, "7": 0.5733652783484391, "8": 0.5924526311402878, "9": 0.5804927477271163, "10": 0.5527511736528015, "11": 0.5139935764583143, "12": 0.5341558842465989, "13": 0.5692688618068612, "14": 0.628123924132702, "15": 0.6753379859662104, "16": 0.7158318547192595, "17": 0.7476871007824747, "18": 0.7590301707439379, "19": 0.7772760974399568, "20": 0.7759751598059481, "21": 0.7755265325247412, "22": 0.733469511497413, "23": 0.5120815869331319, "24": 0.12276236266212892, "25": -0.23571474069474918, "26": -0.2988158342662257, "27": -0.25415827390787465, "28": -0.19225565886575513, "29": 0.028511497009722938, "30": -0.1251821256138811, "31": 0.1561550115668989, "32": 0.1908375714709149, "33": -0.10022011128397387, "34": -0.1685260696721876, "35": -0.21564927092666897, "36": -0.2297674233056966, "37": -0.3150151916010021, "38": -0.40447722288540966, "39": -0.3491780982422445}}