{"clique_sizes": [2, 3, 4, 5, 6, 7, 8, 9, 10, 11, 12, 13, 14, 15, 16, 17, 18, 19, 20, 21, 22, 23, 24, 25, 26, 27, 28, 29, 30, 31, 32, 33, 34, 35, 36, 37, 38, 39, 40, 41, 42, 43, 44, 45, 46], "homophily_values": {"2": 0.2317623296198692, "3": 0.29150897353725286, "4": 0.3501477072802526, "5": 0.3957273091053954, "6": 0.40855081834505524, "7": 0.3717308629808319, "8": 0.3292747958089785, "9": 0.30864916012874977, "10": 0.300627125532621, "11": 0.29865603513433886, "12": 0.28793639522071346, "13": 0.27120842256650324, "14": 0.27735678322242496, "15": 0.28907360515676195, "16": 0.3330418358459088, "17": 0.4248921110577114, "18": 0.45408463571121627, "19": 0.483951872232704, "20": 0.50137016490389, "21": 0.5273305611755342, "22": 0.4653320787671405, "23": 0.40049356125219565, "24": 0.33257776909538606, "25": 0.17535511743226123, "26": 0.08482168693633046, "27": 0.01719336182038935, "28": 0.01505238798454648, "29": 0.020888076645088578, "30": 0.012760723065998299, "31": -0.02691392946417539, "32": -0.032129410883707195, "33": 0.018174593023040017, "34": 0.051112412055923505, "35": 0.05563897639330663, "36": 0.0622171195625946, "37": 0.03803012321368413, "38": 0.031747196674218936, "39": 0.01012414341855089, "40": 0.01756082493355624, "41": -0.003244534583989319, "42": -0.06638514495644886, "43": -0.09213691856711467, "44": -0.063777488454804, "45": 0.04004342122875735, "46": 0.056565187086269356}}