{"clique_sizes": [2, 3, 4, 5, 6, 7, 8, 9, 10, 11, 12, 13, 14, 15, 16, 17, 18, 19, 20, 21, 22, 23, 24, 25, 26, 27, 28, 29, 30, 31, 32], "homophily_values": {"2": 0.3509590250071281, "3": 0.47436169666419253, "4": 0.5364478720742359, "5": 0.5871335118067507, "6": 0.5992360375545333, "7": 0.5803075139655474, "8": 0.5689851443790105, "9": 0.5441316230266299, "10": 0.49316139869033626, "11": 0.39513678478556025, "12": 0.30395462438309456, "13": 0.2441409456976499, "14": 0.2034865624368823, "15": 0.23742424691410688, "16": 0.225546611251101, "17": 0.2226125498663706, "18": 0.2224527464269386, "19": 0.13976186568303978, "20": 0.03681948687542935, "21": -0.07988201672121524, "22": -0.12987691222891776, "23": -0.20274136573051232, "24": -0.20583449284977762, "25": -0.13678334880641957, "26": -0.09171496354457534, "27": -0.3100904137355911, "28": -0.49707588959806714, "29": -0.5677140883057477, "30": -0.5731090427224274, "31": -0.5314671969770304, "32": -0.4359300069531717}}