{"clique_sizes": [2, 3, 4, 5, 6, 7, 8, 9, 10, 11, 12, 13, 14, 15, 16, 17, 18, 19], "homophily_values": {"2": 0.3087330626030312, "3": 0.4600065282544829, "4": 0.5516165265350998, "5": 0.5128802865064014, "6": 0.4161079133560302, "7": 0.3226396416912139, "8": 0.3466481007010749, "9": 0.5194123605038969, "10": 0.6667516467177231, "11": 0.9037089472128443, "12": 0.9802598231842385, "13": 0.9950015725753555, "14": 0.991011381121673, "15": 0.9746168222813839, "16": 0.9529576444239509, "17": 0.9464045561067961, "18": 0.9322447721646411, "19": 1}}