{"clique_sizes": [2, 3, 4, 5, 6, 7, 8, 9, 10, 11, 12, 13, 14, 15, 16, 17, 18, 19, 20, 21, 22, 23, 24, 25, 26, 27], "homophily_values": {"2": 0.4178444224743759, "3": 0.3469911238944839, "4": 0.31761686142262296, "5": 0.28478322124270483, "6": 0.24757131857886577, "7": 0.2390495722789447, "8": 0.19518467706801623, "9": 0.17096222792169682, "10": 0.13307180689908482, "11": 0.15809237402461862, "12": 0.16893138025278015, "13": 0.19417686406627213, "14": 0.23801179634307662, "15": 0.23517915543988926, "16": 0.2100758344702281, "17": 0.22650509006917596, "18": 0.28889587699346236, "19": 0.18186730164938947, "20": 0.14536283582307932, "21": 0.15659852777784328, "22": 0.17277891279852267, "23": 0.21043676383414422, "24": 0.24176321816133237, "25": 0.34002565271918817, "26": 0.44231359675892784, "27": 0.524794287535138}}