{"clique_sizes": [2, 3, 4, 5, 6, 7, 8, 9, 10, 11, 12, 13, 14, 15, 16, 17, 18, 19, 20, 21, 22, 23, 24, 25, 26, 27, 28, 29, 30, 31, 32, 33, 34, 35, 36, 37, 38, 39, 40, 41, 42, 43, 44, 45, 46, 47, 48, 49, 50, 51], "homophily_values": {"2": 0.34601325601553845, "3": 0.464671998496173, "4": 0.5150425836519743, "5": 0.5580860442614148, "6": 0.5812194189279035, "7": 0.5964021927988212, "8": 0.5798722464837396, "9": 0.5456965762859638, "10": 0.5052831943222481, "11": 0.4614249853816087, "12": 0.41386844072257634, "13": 0.36637487924834083, "14": 0.333239293316106, "15": 0.31003877490565895, "16": 0.291491245960563, "17": 0.27325678007444054, "18": 0.26076980641016667, "19": 0.2698051828067233, "20": 0.3227721097571069, "21": 0.43044492160110287, "22": 0.5442394949750675, "23": 0.5849996822451238, "24": 0.5804521242092939, "25": 0.5459862974449867, "26": 0.49619195012123424, "27": 0.4507001381951695, "28": 0.3862219028231133, "29": 0.34932373181645515, "30": 0.3301430635976329, "31": 0.34856132472729295, "32": 0.35768973826153166, "33": 0.35948012346442626, "34": 0.3582019235366834, "35": 0.36584853428815933, "36": 0.423132382681735, "37": 0.4639324756076, "38": 0.5415587886553986, "39": 0.5670450404695023, "40": 0.5230387275225383, "41": 0.5339867128471578, "42": 0.5372238757120489, "43": 0.5626054066913944, "44": 0.572718657696446, "45": 0.5844023773274821, "46": 0.6203698239096759, "47": 0.6358269249027132, "48": 0.6429235451722852, "49": 0.6466296319074526, "50": 0.677454832601829, "51": 0.6833484291851581}}