{"clique_sizes": [2, 3, 4, 5, 6, 7, 8, 9, 10, 11, 12, 13, 14, 15, 16, 17, 18, 19, 20], "homophily_values": {"2": 0.5672343066572263, "3": 0.4881849453394418, "4": 0.4444409502554372, "5": 0.4664865941226912, "6": 0.5172172996862353, "7": 0.5370544837513186, "8": 0.5182551923957059, "9": 0.5149847304626802, "10": 0.4961964236523152, "11": 0.44752384429418945, "12": 0.41425986623956473, "13": 0.36892988670407645, "14": 0.2949962386429904, "15": 0.3039382222864487, "16": 0.3346353060205327, "17": 0.5123794527458834, "18": 0.5881613216246453, "19": 0.7467760303949216, "20": 0.45237243466474575}}