{"clique_sizes": [2, 3, 4, 5, 6, 7, 8, 9, 10, 11, 12, 13, 14, 15, 16, 17, 18, 19, 20, 21, 22, 23, 24, 25, 26, 27, 28, 29, 30, 31, 32, 33, 34, 35, 36, 37, 38, 39, 40, 41, 42, 43, 44, 45, 46, 47], "homophily_values": {"2": 0.4748555338492025, "3": 0.509214623283785, "4": 0.5832906520306074, "5": 0.6053019609439144, "6": 0.5345271185655044, "7": 0.44881700106223377, "8": 0.39697806448219286, "9": 0.4023833991145196, "10": 0.4448089430940888, "11": 0.5148801684894495, "12": 0.5796401610178897, "13": 0.6376406009883423, "14": 0.6804347559892165, "15": 0.6646787307821516, "16": 0.6069718488233173, "17": 0.5276652674134066, "18": 0.4672764687448152, "19": 0.4223673333866809, "20": 0.37396561094190683, "21": 0.31971781653496656, "22": 0.25161928831729935, "23": 0.18143742549657993, "24": 0.11152912206491024, "25": 0.07440931591368166, "26": 0.08310373861354586, "27": 0.11821214019106294, "28": 0.13994371091008495, "29": 0.16224552079512067, "30": 0.17323257566424263, "31": 0.19689200587737243, "32": 0.233077001377455, "33": 0.27009296599509364, "34": 0.3042087998729624, "35": 0.3452566425669308, "36": 0.3686645675351636, "37": 0.3845279418213629, "38": 0.3950345837939211, "39": 0.3941755385991906, "40": 0.40486854218948726, "41": 0.41242836673837396, "42": 0.3958106078027123, "43": 0.39401572522476713, "44": 0.3894546140274696, "45": 0.36423076961504963, "46": 0.4168680642839151, "47": 0.4555750641946642}}