{"clique_sizes": [2, 3, 4, 5, 6, 7, 8, 9, 10, 11, 12, 13, 14, 15, 16, 17, 18, 19, 20, 21, 22, 23, 24, 25, 26, 27, 28, 29, 30, 31, 32, 33, 34, 35], "homophily_values": {"2": 0.30550730650025193, "3": 0.2896013492711985, "4": 0.2772494272952779, "5": 0.2795053005140242, "6": 0.3117830489986296, "7": 0.3704323601509716, "8": 0.4384547136842324, "9": 0.4455138073313789, "10": 0.4609144272488064, "11": 0.4765572043611086, "12": 0.4910627874249481, "13": 0.45565218011887504, "14": 0.2769778881603094, "15": 0.15000765386812792, "16": 0.11225531837324892, "17": 0.060514536029085075, "18": 0.24494956288611242, "19": 0.3212652133083034, "20": -0.061509520539035245, "21": -0.30099587885175094, "22": -0.30342882332465915, "23": -0.2373595591797619, "24": -0.24870351770328497, "25": -0.28790901048703404, "26": -0.3216845596189767, "27": -0.43834817393664927, "28": -0.28700388178688846, "29": -0.13411787836515404, "30": -0.1575133622567452, "31": -0.17296567817294484, "32": -0.12832569020334247, "33": -0.07913220054625471, "34": -0.12858230523567937, "35": 0.008225761663489886}}