{"clique_sizes": [2, 3, 4, 5, 6, 7, 8, 9, 10, 11, 12, 13, 14, 15, 16, 17, 18, 19, 20, 21, 22, 23, 24, 25, 26, 27, 28, 29, 30, 31, 32, 33, 34, 35, 36, 37, 38, 39, 40, 41, 42, 43, 44, 45, 46, 47, 48, 49, 50, 51, 52, 53, 54, 55, 56, 57, 58], "homophily_values": {"2": 0.3491521009722432, "3": 0.3424097627066058, "4": 0.34595604829325566, "5": 0.39280088289508586, "6": 0.4248121161092192, "7": 0.4529539251076654, "8": 0.4689374615220561, "9": 0.4748830698702715, "10": 0.48237329034330795, "11": 0.4742018502673677, "12": 0.4470677227683537, "13": 0.41451521865406277, "14": 0.387293233192219, "15": 0.3607154794686717, "16": 0.34702294451053783, "17": 0.34910836082962626, "18": 0.3615294103539305, "19": 0.3642154498892388, "20": 0.32806981120022244, "21": 0.2649421878167475, "22": 0.13660664629586042, "23": -0.030963871221483613, "24": -0.12639083944770557, "25": -0.11047706200161092, "26": -0.011371885428953274, "27": 0.06822859679052853, "28": 0.14826433502530287, "29": 0.2246214412713645, "30": 0.2646560093192072, "31": 0.2861565635818021, "32": 0.32454456412300614, "33": 0.3593929394780434, "34": 0.4165173923013157, "35": 0.47342093876198554, "36": 0.5061203767905824, "37": 0.48852977827012256, "38": 0.47921187471437754, "39": 0.4746362611849424, "40": 0.4891497501344429, "41": 0.5151770818165423, "42": 0.5738764750466827, "43": 0.6044474368488508, "44": 0.6778514019184027, "45": 0.7247220229955468, "46": 0.7528652914302447, "47": 0.7605652196759705, "48": 0.7620871976595358, "49": 0.7698456638498579, "50": 0.7734690966186077, "51": 0.7917634650863132, "52": 0.7813410607971251, "53": 0.7880743095989515, "54": 0.7939994772579719, "55": 0.8121867157281294, "56": 0.8392729510935255, "57": 0.8413623802417065, "58": 0.8669125099168232}}