{"clique_sizes": [2, 3, 4, 5, 6, 7, 8, 9, 10, 11, 12, 13, 14, 15, 16, 17, 18, 19, 20, 21, 22, 23, 24, 25, 26, 27, 28, 29, 30, 31, 32, 33, 34, 35, 36, 37, 38, 39, 40, 41, 42, 43, 44, 45, 46, 47, 48, 49, 50, 51, 52, 53, 54, 55, 56, 57, 58, 59], "homophily_values": {"2": 0.3931162239236574, "3": 0.4257963274128519, "4": 0.47802294140727897, "5": 0.5255310621921387, "6": 0.5362979693446622, "7": 0.5232462327745538, "8": 0.49746237701299506, "9": 0.4618166273762535, "10": 0.43282338897566636, "11": 0.4205156081731637, "12": 0.41742935783785134, "13": 0.41994467482660125, "14": 0.42772609424607, "15": 0.42096273207722734, "16": 0.39011655518687227, "17": 0.3541929892769744, "18": 0.31936535282267065, "19": 0.3027803041826904, "20": 0.2980158969751039, "21": 0.3256081924368071, "22": 0.37260258173221783, "23": 0.4354358669568559, "24": 0.5090021919172153, "25": 0.6033097779695931, "26": 0.66994430255216, "27": 0.6901827207956299, "28": 0.6916809996192426, "29": 0.6842480243142459, "30": 0.682072109955428, "31": 0.6822743297543049, "32": 0.6877168666934279, "33": 0.6836009553762732, "34": 0.6853546290541431, "35": 0.6876097917580148, "36": 0.7009056931731377, "37": 0.6951673672383674, "38": 0.638616698801357, "39": 0.5202451686283585, "40": 0.42408580318241046, "41": 0.3865478901363856, "42": 0.24899304106968317, "43": 0.28955870438096193, "44": 0.33483668399541827, "45": 0.368957278480335, "46": 0.3890357380211397, "47": 0.4488211397228943, "48": 0.4556661047922193, "49": 0.44916926280805536, "50": 0.4454986766341696, "51": 0.45702053151491584, "52": 0.4573078027558185, "53": 0.43986402963666144, "54": 0.43987278808534713, "55": 0.44183387458623125, "56": 0.4198258162339803, "57": 0.371677506952316, "58": 0.30654679671986845, "59": 0.31316558405577477}}