{"clique_sizes": [2, 3, 4, 5, 6, 7, 8, 9, 10, 11, 12, 13, 14, 15, 16, 17, 18, 19, 20, 21, 22, 23, 24, 25, 26, 27, 28, 29, 30, 31, 32, 33, 34, 35, 36, 37, 38, 39, 40, 41, 42, 43, 44, 45, 46, 47, 48, 49, 50, 51], "homophily_values": {"2": 0.3409635826676054, "3": 0.21543155032345251, "4": 0.06193748178782127, "5": 0.05496022534749739, "6": 0.1254335192180268, "7": 0.21413693509749065, "8": 0.28961856312830986, "9": 0.33208565093729864, "10": 0.386777715354277, "11": 0.43882237660715717, "12": 0.5137693060308669, "13": 0.5789600819867415, "14": 0.6099174607445464, "15": 0.6101408607772542, "16": 0.5812926227263371, "17": 0.5345408301792077, "18": 0.47533994318792666, "19": 0.45358235827114207, "20": 0.45416008187550727, "21": 0.48290050668039985, "22": 0.5230179228666894, "23": 0.5728413489477493, "24": 0.59624371270553, "25": 0.606330111085469, "26": 0.5986244148564088, "27": 0.5931932507564546, "28": 0.5800469729559965, "29": 0.5663276275168024, "30": 0.5591504601181437, "31": 0.5486195884749249, "32": 0.5450175454148307, "33": 0.5433317410716523, "34": 0.5458580478649707, "35": 0.5577258654208428, "36": 0.5776958943047419, "37": 0.6089661493945024, "38": 0.6060031404091036, "39": 0.5987188389556062, "40": 0.5707911767159122, "41": 0.5458604043653248, "42": 0.5263115763501958, "43": 0.5113143454320129, "44": 0.4980303841854694, "45": 0.4549087976274436, "46": 0.406400492728285, "47": 0.3553742443093681, "48": 0.20512450936393994, "49": 0.09924851215260652, "50": 0.06629177773478895, "51": 0.0734246789335047}}