{"clique_sizes": [2, 3, 4, 5, 6, 7, 8, 9, 10, 11, 12, 13, 14, 15, 16, 17, 18, 19, 20, 21, 22, 23, 24, 25, 26, 27, 28, 29, 30, 31, 32, 33, 34, 35, 36], "homophily_values": {"2": 0.47788382835824117, "3": 0.3799371574505099, "4": 0.4096740345179978, "5": 0.4363482376812474, "6": 0.47921672903509827, "7": 0.49379725195463486, "8": 0.5019209400310318, "9": 0.5037110910957663, "10": 0.46249027032874424, "11": 0.40392046867959597, "12": 0.33785419864857086, "13": 0.2696978403878613, "14": 0.2279471682473148, "15": 0.22610452934403846, "16": 0.25745246778243003, "17": 0.2734195299206541, "18": 0.31736947761358464, "19": 0.34605480206695594, "20": 0.3173888809133736, "21": 0.31098625072506686, "22": 0.17084826693421834, "23": 0.11520955544966498, "24": -0.05781259039105482, "25": 0.07247539861426922, "26": 0.169610409119421, "27": 0.27651981086140076, "28": 0.385496097125885, "29": 0.3935152283335428, "30": 0.3700767085801132, "31": 0.35656131895242116, "32": 0.4057870235648493, "33": 0.4110568797738321, "34": 0.4963037689539581, "35": 0.542381853459426, "36": 0.5947983101664907}}