{"clique_sizes": [2, 3, 4, 5, 6, 7, 8, 9, 10, 11, 12, 13, 14, 15, 16, 17, 18, 19, 20, 21, 22, 23, 24, 25, 26, 27, 28, 29, 30, 31, 32, 33, 34, 35], "homophily_values": {"2": 0.4486854800040178, "3": 0.48633610592336646, "4": 0.6078867871488649, "5": 0.6659087668488434, "6": 0.6870521491207952, "7": 0.6704219489916814, "8": 0.618987202328758, "9": 0.5360238788561322, "10": 0.4353805127956089, "11": 0.33683778685112375, "12": 0.24724955541650404, "13": 0.1865811543228721, "14": 0.11594967907116116, "15": 0.06852746481421634, "16": 0.025308186446384107, "17": -0.03634792309358191, "18": -0.09381889862427951, "19": -0.14882052459309944, "20": -0.187482496156073, "21": -0.21028241132453648, "22": -0.21680361839639317, "23": -0.22027913623112802, "24": -0.22438655405501387, "25": -0.21945577186179632, "26": -0.21235011546609386, "27": -0.2066055785609181, "28": -0.2062708687144074, "29": -0.21094494244871628, "30": -0.22908259077013673, "31": -0.2434766901688936, "32": -0.24968596362701004, "33": -0.25614651551178014, "34": -0.2667462644992553, "35": -0.2762383450692477}}