{"clique_sizes": [2, 3, 4, 5, 6, 7, 8, 9, 10, 11, 12, 13, 14, 15, 16, 17, 18, 19, 20, 21, 22, 23, 24, 25, 26, 27, 28, 29, 30, 31, 32, 33, 34, 35, 36, 37, 38], "homophily_values": {"2": 0.47257975323958445, "3": 0.5743129882587983, "4": 0.6242519427523209, "5": 0.6655658637097934, "6": 0.6850684169653598, "7": 0.7035882538678659, "8": 0.7081185039825634, "9": 0.6923554418022184, "10": 0.6595714709787888, "11": 0.5929241812073692, "12": 0.5156264798402106, "13": 0.4212992749506859, "14": 0.35448709522720495, "15": 0.33326764564494277, "16": 0.3480541944512424, "17": 0.37812849510881014, "18": 0.4233556632956657, "19": 0.46014669074405723, "20": 0.5179475329511425, "21": 0.5861102861569667, "22": 0.5887883813744033, "23": 0.5974638470000899, "24": 0.5544452313517041, "25": 0.4901558359967935, "26": 0.450606586441609, "27": 0.4040500782410156, "28": 0.380144164997814, "29": 0.35260016170519615, "30": 0.34941091542879216, "31": 0.36917694731961004, "32": 0.4172373416713296, "33": 0.4513070525232727, "34": 0.48033671347540097, "35": 0.5405517134146471, "36": 0.5203980351325941, "37": 0.5186847723704595, "38": 0.5277666746589442}}