{"clique_sizes": [2, 3, 4, 5, 6, 7, 8, 9, 10, 11, 12, 13, 14, 15, 16, 17, 18, 19, 20, 21, 22, 23, 24, 25, 26, 27, 28, 29, 30, 31, 32, 33, 34, 35, 36, 37, 38, 39, 40, 41, 42], "homophily_values": {"2": 0.23137425693437774, "3": 0.40738212667442186, "4": 0.42532452578160845, "5": 0.3728243951842892, "6": 0.31753141633281207, "7": 0.25735499490221697, "8": 0.22804010106721784, "9": 0.19097250523564163, "10": 0.16973671438033977, "11": 0.15231786179794055, "12": 0.07977071511178846, "13": 0.039527769316439365, "14": 0.041500678070494124, "15": 0.0076523384582036225, "16": -0.06357777286590777, "17": -0.18121819226379965, "18": -0.33597887138029625, "19": -0.3984006840359557, "20": -0.4515642356486548, "21": -0.5728955314612499, "22": -0.7011239171871838, "23": -0.762535036780195, "24": -0.7701070345778865, "25": -0.7465739375962539, "26": -0.7502916071491272, "27": -0.7537036531897015, "28": -0.7529557771085086, "29": -0.7537212576828382, "30": -0.7455515694069184, "31": -0.6702999377154648, "32": -0.3646677357348517, "33": -0.02104993218247519, "34": 0.03279312985077836, "35": 0.03580852477413381, "36": 0.0009369008662968373, "37": 0.005797806668746762, "38": 0.017548739084040893, "39": 0.038427194389480834, "40": 0.03059820454943518, "41": 0.050957534654378536, "42": 0.0790505908158419}}