{"clique_sizes": [2, 3, 4, 5, 6, 7, 8, 9, 10, 11, 12, 13, 14, 15, 16, 17, 18, 19, 20, 21, 22, 23, 24, 25, 26, 27, 28, 29, 30, 31, 32, 33, 34, 35, 36, 37, 38, 39, 40, 41, 42, 43, 44, 45, 46, 47, 48], "homophily_values": {"2": 0.2621968204426077, "3": 0.39081989936666206, "4": 0.40465734305174816, "5": 0.3395469467336808, "6": 0.19868333045215475, "7": 0.06738392127992132, "8": -0.07194408381158518, "9": -0.18340069603680614, "10": -0.2958382032252673, "11": -0.36932229814793277, "12": -0.4209851415323922, "13": -0.48726763786812716, "14": -0.48947388254449575, "15": -0.47122912889692536, "16": -0.44524744613420886, "17": -0.4154461050891274, "18": -0.41665684335807784, "19": -0.37903892207230105, "20": -0.35964808832267126, "21": -0.39336875372380975, "22": -0.4588263169956549, "23": -0.4686587215703317, "24": -0.44792156076190665, "25": -0.39405915204441094, "26": -0.42361596514173944, "27": -0.46205768647142764, "28": -0.418068074059385, "29": -0.45370583856888336, "30": -0.5474731332695638, "31": -0.6239253178453082, "32": -0.6924740456825891, "33": -0.750673484800893, "34": -0.8389786576195083, "35": -0.8321198942237632, "36": -0.8314785631815763, "37": -0.8417161319771415, "38": -0.8640088421683404, "39": -0.9125076714646403, "40": -0.9663248544348071, "41": -0.9996463625434056, "42": -1, "43": -0.9908159656526182, "44": -0.900991836384976, "45": -0.7498431795166132, "46": -0.6376751724963537, "47": -0.6404849680957346, "48": -0.6472398227364704}}