{"clique_sizes": [2, 3, 4, 5, 6, 7, 8, 9, 10, 11, 12, 13, 14, 15, 16, 17, 18, 19, 20, 21, 22, 23, 24, 25, 26, 27, 28, 29, 30, 31, 32, 33], "homophily_values": {"2": 0.31695234968020436, "3": 0.4771785842513617, "4": 0.5161110058438931, "5": 0.46091924947415186, "6": 0.38431774369788096, "7": 0.3405606493736463, "8": 0.33492086021956713, "9": 0.36017834321430564, "10": 0.3487735702622906, "11": 0.3243423933668292, "12": 0.2865018835642844, "13": 0.25687429791024435, "14": 0.22515278338015116, "15": 0.3024294515139273, "16": 0.3142193389072967, "17": 0.34547043812684874, "18": 0.3721828798273538, "19": 0.38325833989692565, "20": 0.25274476971691945, "21": 0.16283070029528968, "22": 0.10438511598655537, "23": -0.13086570737845316, "24": -0.2565115859126842, "25": -0.28812998722192806, "26": -0.3547692099563077, "27": -0.3830998362844135, "28": 0.11947282927721403, "29": 0.11705205256519383, "30": 0.27426066372788793, "31": 0.45411998201836373, "32": -0.019588398970508097, "33": -0.34221635040726944}}