{"clique_sizes": [2, 3, 4, 5, 6, 7, 8, 9, 10, 11, 12, 13, 14, 15, 16, 17, 18, 19, 20, 21, 22, 23, 24, 25, 26, 27, 28, 29, 30, 31, 32, 33, 34, 35, 36, 37, 38, 39, 40, 41, 42, 43, 44, 45, 46, 47, 48, 49, 50, 51, 52, 53, 54, 55, 56, 57, 58, 59, 60, 61], "homophily_values": {"2": 0.3602376313778297, "3": 0.03475272381976924, "4": -0.1807450862443536, "5": -0.11996427892164752, "6": -0.12930652110578, "7": -0.14996615380724665, "8": -0.1487175965916967, "9": -0.14400136687872356, "10": -0.0999999820615568, "11": -0.0553989100422031, "12": 0.02051134597010562, "13": 0.11161197526901218, "14": 0.1662532132094895, "15": 0.24079800428198028, "16": 0.2331982273864029, "17": 0.218374578860961, "18": 0.1453299911964277, "19": 0.18984102184820692, "20": 0.13301132486969108, "21": 0.0951799137837332, "22": 0.07820999798232553, "23": 0.07706164634608645, "24": 0.10795609742392376, "25": 0.15294980358188892, "26": 0.14985076650372947, "27": 0.125959446456792, "28": 0.09015160497172042, "29": 0.03967831267689978, "30": 0.03087062228763021, "31": 0.024282354657451127, "32": 0.046543368479988995, "33": 0.06022846837796328, "34": 0.09550431274873103, "35": 0.14973141986012334, "36": 0.2526811344092527, "37": 0.36503297483342434, "38": 0.4613129036872439, "39": 0.5541135890970283, "40": 0.5523694046217007, "41": 0.581147482303032, "42": 0.599128623192855, "43": 0.616626106589127, "44": 0.618221692055126, "45": 0.6031548223243974, "46": 0.5892929198681581, "47": 0.5826187633639787, "48": 0.5299933212207246, "49": 0.47984083506398223, "50": 0.45136006906876036, "51": 0.45199528562614955, "52": 0.4745946403052602, "53": 0.48911547726285187, "54": 0.46958436911199875, "55": 0.4294147672098006, "56": 0.40359468165841833, "57": 0.336318231244625, "58": 0.19006256697841506, "59": 0.00134030168413269, "60": -0.011820755406899404, "61": 0.04153123590679261}}