{"clique_sizes": [2, 3, 4, 5, 6, 7, 8, 9, 10, 11, 12, 13, 14, 15, 16, 17, 18, 19, 20, 21, 22, 23, 24, 25, 26, 27, 28, 29, 30, 31, 32, 33], "homophily_values": {"2": 0.42072267774907335, "3": 0.4463683233775265, "4": 0.4125794652220067, "5": 0.43384706490028224, "6": 0.5017261520499918, "7": 0.5401771522357823, "8": 0.5635484214077429, "9": 0.5943244335138405, "10": 0.5820657969467279, "11": 0.5608794671512145, "12": 0.5798052475964063, "13": 0.5897614336056076, "14": 0.6215551411089153, "15": 0.6059048699312644, "16": 0.5754580067920585, "17": 0.5556423943564424, "18": 0.5089990381936784, "19": 0.4276047330956636, "20": 0.44754312220787373, "21": 0.4166003275591754, "22": 0.4230684157035671, "23": 0.3522649848570083, "24": 0.29783676330848663, "25": 0.23800152216748777, "26": 0.3422318453959834, "27": 0.24820307049272575, "28": 0.3480596272534441, "29": 0.30614994441865256, "30": 0.21769035275465715, "31": 0.21109591804304745, "32": 0.21495145410104793, "33": 0.18668738244514105}}