{"clique_sizes": [2, 3, 4, 5, 6, 7, 8, 9, 10, 11, 12, 13, 14, 15, 16, 17, 18, 19, 20, 21, 22, 23, 24, 25, 26, 27, 28, 29, 30, 31, 32, 33, 34, 35, 36, 37, 38, 39, 40, 41, 42, 43, 44, 45, 46, 47, 48, 49, 50, 51], "homophily_values": {"2": 0.31565195761237347, "3": 0.5019294205428193, "4": 0.5499386725791348, "5": 0.548458120615225, "6": 0.5310958327740531, "7": 0.49798334854316534, "8": 0.4877268669800589, "9": 0.47089583619768627, "10": 0.4495753072309552, "11": 0.4407082083796392, "12": 0.4421190298259899, "13": 0.41490280588177764, "14": 0.395003498411617, "15": 0.3761628276707332, "16": 0.3873757744516895, "17": 0.3857062813886605, "18": 0.3766535833624169, "19": 0.40561313528923626, "20": 0.4153839495968773, "21": 0.42647219836303796, "22": 0.43664750270027364, "23": 0.41088768414513693, "24": 0.38648361671362774, "25": 0.3048058845058949, "26": 0.23944729614529658, "27": 0.22498535551711193, "28": 0.1850650109676915, "29": 0.12125192584771863, "30": 0.0898718051355126, "31": 0.09876070327173883, "32": 0.11992793808183462, "33": 0.2567630756080251, "34": 0.42661378846501136, "35": 0.5052771628106915, "36": 0.531931685576, "37": 0.5102385961182836, "38": 0.3967345571985477, "39": 0.2674485853974895, "40": 0.09547754953396992, "41": -0.01764189686277981, "42": -0.06787069800119175, "43": -0.08443609952730642, "44": -0.07387141727448342, "45": -0.06476156779514544, "46": -0.06141852461799103, "47": -0.041747369667615206, "48": -0.04258871771224728, "49": -0.027649203783559104, "50": 0.025990838894868192, "51": -0.027334112636961564}}