{"clique_sizes": [2, 3, 4, 5, 6, 7, 8, 9, 10, 11, 12, 13, 14, 15, 16, 17, 18, 19, 20, 21, 22, 23, 24, 25, 26, 27, 28, 29, 30, 31, 32, 33, 34, 35, 36, 37, 38, 39, 40, 41, 42, 43, 44, 45, 46, 47, 48, 49, 50], "homophily_values": {"2": 0.3281909308182159, "3": 0.33243219251523193, "4": 0.35194916931765025, "5": 0.37391564644157116, "6": 0.35212203176761764, "7": 0.3016752451129697, "8": 0.22301652818037904, "9": 0.168910546364482, "10": 0.1372658660265298, "11": 0.07656489350679535, "12": -0.015802347033826186, "13": -0.07999022986418253, "14": -0.12722160312777653, "15": -0.12577196258482007, "16": -0.13200731986018654, "17": -0.13277864171179665, "18": -0.1474454064332263, "19": -0.12838812614225253, "20": -0.09571126614007101, "21": 0.0021729542184843256, "22": 0.10487344056095324, "23": 0.14658394231864905, "24": 0.13611280900017095, "25": 0.12441617735703883, "26": 0.06672597676142436, "27": 0.011111301772454975, "28": -0.16841195210712945, "29": -0.2378809529338075, "30": -0.3480057313431931, "31": -0.38339240801757024, "32": -0.4432121575612493, "33": -0.36185549226481983, "34": -0.3766070556826494, "35": -0.3237581992212053, "36": -0.26528454415284985, "37": -0.18929656433948963, "38": -0.025153012002250664, "39": 0.08878950267907859, "40": 0.1091280847452171, "41": -0.010258604531601176, "42": -0.03927169508200585, "43": -0.03384061320395419, "44": -0.04894353779789617, "45": -0.10274036153959482, "46": -0.12866512836886976, "47": -0.16540176009160915, "48": -0.3405685223467426, "49": -0.2705749136360835, "50": -0.4616580235527503}}