{"clique_sizes": [2, 3, 4, 5, 6, 7, 8, 9, 10, 11, 12, 13, 14, 15, 16, 17, 18, 19, 20, 21, 22, 23, 24, 25, 26, 27, 28, 29, 30, 31, 32, 33, 34, 35, 36, 37, 38, 39, 40, 41, 42, 43, 44, 45, 46, 47, 48, 49, 50, 51, 52, 53], "homophily_values": {"2": 0.3032421846805945, "3": 0.4650655662588174, "4": 0.5270197218647144, "5": 0.5542504857620851, "6": 0.5473639802277346, "7": 0.5503966036635052, "8": 0.5417701669759424, "9": 0.5302149612942217, "10": 0.5045019485306211, "11": 0.44023705551194803, "12": 0.4503746096075174, "13": 0.42038137552924215, "14": 0.4510675823126837, "15": 0.48669387351614657, "16": 0.49870321064419776, "17": 0.5204501500509544, "18": 0.5612192996503101, "19": 0.5659434691303727, "20": 0.5604325568860995, "21": 0.5633123492930245, "22": 0.5153569500141365, "23": 0.5102364619212905, "24": 0.44960860587232965, "25": 0.3699185384556123, "26": 0.27654373942192495, "27": 0.2642620001104725, "28": 0.20137819560853323, "29": 0.21781848606800447, "30": 0.3395759013489211, "31": 0.3672264990302439, "32": 0.31074932681567285, "33": 0.28005878498685177, "34": 0.2639322517986659, "35": 0.26645619451333125, "36": 0.26423238920334685, "37": 0.2849645626670212, "38": 0.3123568986368178, "39": 0.34943458650647413, "40": 0.3133987685013459, "41": 0.3001586428134684, "42": 0.2810251228067217, "43": 0.25014769682890203, "44": 0.2107293980760348, "45": 0.18409683399055338, "46": 0.21229051632405102, "47": 0.13168908596975887, "48": 0.1195452547544603, "49": 0.11037946070190344, "50": 0.15739441902380769, "51": 0.17658930340256768, "52": 0.13665423102206153, "53": 0.013752767376867259}}