{"clique_sizes": [2, 3, 4, 5, 6, 7, 8, 9, 10, 11, 12, 13, 14, 15, 16, 17, 18, 19, 20, 21, 22, 23, 24, 25, 26, 27, 28, 29, 30], "homophily_values": {"2": 0.24635262462059815, "3": 0.4434657212253196, "4": 0.5276338341572546, "5": 0.5320346939774738, "6": 0.5294642640700231, "7": 0.49840590520590483, "8": 0.45066178369728127, "9": 0.3777435146757602, "10": 0.30741986196702675, "11": 0.2647526713991738, "12": 0.19372704560066256, "13": 0.13697522432197673, "14": 0.014140159950485398, "15": -0.040115688160381135, "16": -0.10285594127542497, "17": -0.11283141961551446, "18": -0.0784113751636924, "19": 0.03853210512297958, "20": 0.142193841291215, "21": 0.2370121751264609, "22": 0.2254166764817885, "23": 0.1964504586605058, "24": 0.22643210211486314, "25": 0.3131031982765761, "26": 0.3887687990770718, "27": 0.28765287402821327, "28": 0.17100678211789241, "29": 0.01556776556776504, "30": -0.2613485280151953}}