{"clique_sizes": [2, 3, 4, 5, 6, 7, 8, 9, 10, 11, 12, 13, 14, 15, 16, 17, 18, 19, 20, 21, 22, 23, 24, 25, 26, 27, 28, 29, 30, 31, 32, 33, 34, 35, 36, 37, 38, 39, 40, 41, 42, 43], "homophily_values": {"2": 0.3250044625380331, "3": 0.38748306712267644, "4": 0.43857407786734715, "5": 0.48115605494039704, "6": 0.4598723898551922, "7": 0.40879887097463724, "8": 0.3752360045142342, "9": 0.3443330133905901, "10": 0.3335029959903828, "11": 0.2715847726157, "12": 0.27936618248753187, "13": 0.23524674112606558, "14": 0.22760191270137975, "15": 0.21958896010760065, "16": 0.22059132842934548, "17": 0.24824956367276957, "18": 0.2507876356590873, "19": 0.14993911560443274, "20": 0.056825540303226424, "21": -0.008326080502131211, "22": -0.07215288303980878, "23": -0.024022619234933623, "24": -0.011989119035689146, "25": -0.059045184663734804, "26": -0.11748741721807333, "27": -0.19991014884626593, "28": -0.24239034745407181, "29": -0.21179481649815776, "30": -0.20952451397368835, "31": -0.19575271517993365, "32": -0.13213851975973004, "33": -0.05947559174458321, "34": -0.03536611036714676, "35": -0.037593280807110725, "36": -0.11846168469958007, "37": -0.11680595700606211, "38": -0.1438328008157334, "39": -0.20669513217448585, "40": -0.13085496931928325, "41": -0.24345305044739954, "42": -0.23193854063910624, "43": -0.25945363123132215}}