{"clique_sizes": [2, 3, 4, 5, 6, 7, 8, 9, 10, 11, 12, 13, 14, 15, 16, 17, 18, 19, 20, 21, 22, 23, 24, 25, 26, 27, 28, 29, 30, 31, 32, 33, 34, 35, 36, 37, 38, 39, 40, 41, 42, 43, 44, 45, 46, 47, 48, 49, 50, 51, 52, 53, 54, 55], "homophily_values": {"2": 0.3797938929840049, "3": 0.3827711406794508, "4": 0.34356451583970793, "5": 0.3734042215299592, "6": 0.4305951347662833, "7": 0.4495710887423474, "8": 0.4548809047972666, "9": 0.4536114187384378, "10": 0.44264651112153625, "11": 0.4169967985558076, "12": 0.3849003960438384, "13": 0.3497347613944609, "14": 0.3244805357563832, "15": 0.32573602565700094, "16": 0.3295926464480634, "17": 0.36198845693407355, "18": 0.417732863984569, "19": 0.44753694415309153, "20": 0.4699375111715576, "21": 0.478099038158268, "22": 0.4923085279128137, "23": 0.48784538325387505, "24": 0.4993684840836684, "25": 0.488759122685013, "26": 0.48175504615763715, "27": 0.4831983367996281, "28": 0.47500272063990784, "29": 0.47787963009047696, "30": 0.4722152887290743, "31": 0.4591759774627229, "32": 0.4502634101848111, "33": 0.45606780460676805, "34": 0.4652265529168108, "35": 0.48466111705158216, "36": 0.5030757649085358, "37": 0.5206898284844397, "38": 0.5345905279857034, "39": 0.5420920379803724, "40": 0.5415920197102202, "41": 0.5399693752095238, "42": 0.5289179537878794, "43": 0.5277248809299304, "44": 0.5331910914409475, "45": 0.5389700139047074, "46": 0.5587897211619425, "47": 0.5731670539560088, "48": 0.5844924471621542, "49": 0.587202156846883, "50": 0.5805055367230002, "51": 0.5959936250426562, "52": 0.5882198247112674, "53": 0.5867404678604669, "54": 0.6139673723294281, "55": 0.5947289942590878}}