{"clique_sizes": [2, 3, 4, 5, 6, 7, 8, 9, 10, 11, 12, 13, 14, 15, 16, 17, 18, 19, 20, 21, 22, 23, 24, 25, 26, 27, 28, 29, 30, 31, 32, 33, 34, 35, 36, 37, 38, 39, 40, 41, 42, 43, 44, 45, 46, 47, 48, 49, 50, 51, 52], "homophily_values": {"2": 0.39312057646155524, "3": 0.45378497519378796, "4": 0.4945104106489568, "5": 0.5305399023056411, "6": 0.555695517108776, "7": 0.5477881656276433, "8": 0.5240645138562976, "9": 0.4881662435558388, "10": 0.47113308246606816, "11": 0.4653400739815181, "12": 0.47190093854568427, "13": 0.4883017352977097, "14": 0.5117689434396775, "15": 0.5370058551598771, "16": 0.5463797270800976, "17": 0.5535982993672112, "18": 0.5568577043799856, "19": 0.5460697721682325, "20": 0.5306200052509321, "21": 0.4955601142628871, "22": 0.4464955203276619, "23": 0.4117218182996782, "24": 0.3738411572261677, "25": 0.370909048049002, "26": 0.38411326777407945, "27": 0.42496582227956137, "28": 0.47880210463617356, "29": 0.5258620974063797, "30": 0.5836649537095371, "31": 0.6193651010181942, "32": 0.6350935579182648, "33": 0.6247559741644676, "34": 0.6012518497524004, "35": 0.5681387350442437, "36": 0.5301126747856928, "37": 0.5050372714776654, "38": 0.4860525426319267, "39": 0.46344062290527155, "40": 0.4355259143378308, "41": 0.39115267611794813, "42": 0.352187840567778, "43": 0.3177528640895212, "44": 0.3031755101032993, "45": 0.3068676095148095, "46": 0.31503220631199313, "47": 0.3568634186346374, "48": 0.4410791999258734, "49": 0.6344474399357292, "50": 0.8064280075086125, "51": 0.8522924113133193, "52": 0.880347514433208}}