{"clique_sizes": [2, 3, 4, 5, 6, 7, 8, 9, 10, 11, 12, 13, 14, 15, 16, 17, 18, 19, 20, 21, 22, 23, 24, 25, 26, 27, 28, 29, 30, 31, 32, 33, 34, 35, 36, 37, 38, 39, 40, 41, 42, 43, 44, 45, 46, 47, 48, 49, 50, 51, 52, 53, 54, 55, 56, 57], "homophily_values": {"2": 0.3824130755232606, "3": 0.386090515053896, "4": 0.4275236649187036, "5": 0.4697006114806763, "6": 0.4268545730608822, "7": 0.32422755732624453, "8": 0.21012061420263495, "9": 0.12747633181818954, "10": 0.10242589801653257, "11": 0.14653405818769638, "12": 0.22994923740267964, "13": 0.3129550381496319, "14": 0.369138044142475, "15": 0.39340931720452643, "16": 0.40663547974808323, "17": 0.4286705271743419, "18": 0.4787417373632851, "19": 0.5109936611443145, "20": 0.5138976431688106, "21": 0.4907137775706371, "22": 0.47543565396033993, "23": 0.4924308675253524, "24": 0.5051566457088881, "25": 0.5171361211056155, "26": 0.5045472141185315, "27": 0.523041638403634, "28": 0.5728291991602583, "29": 0.61914712493645, "30": 0.6380257448840059, "31": 0.6271417634228542, "32": 0.5895310845374069, "33": 0.5458601528048093, "34": 0.522126680906919, "35": 0.49288362306130407, "36": 0.49815470674971285, "37": 0.5403695654379104, "38": 0.5383503766284944, "39": 0.5250609694052042, "40": 0.5041220721771904, "41": 0.4521910576000987, "42": 0.38041884811514276, "43": 0.3501335285850585, "44": 0.34899496820654113, "45": 0.32451620120493085, "46": 0.31541577270536614, "47": 0.2660529903608192, "48": 0.21810285369874446, "49": 0.13837422366441796, "50": 0.09149256050177253, "51": 0.047065767156727945, "52": 0.00536881801670876, "53": 0.004966844109400333, "54": 0.009414147995483105, "55": 0.029343040931684838, "56": 0.04055747610282337, "57": 0.04652100490756366}}