{"clique_sizes": [2, 3, 4, 5, 6, 7, 8, 9, 10, 11, 12, 13, 14, 15, 16, 17, 18, 19, 20, 21, 22, 23, 24, 25, 26, 27, 28, 29, 30, 31, 32, 33, 34, 35], "homophily_values": {"2": 0.36183672025471775, "3": 0.38882847509005697, "4": 0.4424102884989115, "5": 0.5038108940449839, "6": 0.5415051697799654, "7": 0.5400239523604429, "8": 0.5346535894450115, "9": 0.4868626918057801, "10": 0.40932981740968677, "11": 0.3248488839386726, "12": 0.20943425057512932, "13": 0.12843895791206478, "14": 0.062441552532005784, "15": -0.03145430687496825, "16": -0.08971333689011435, "17": -0.13239267445457387, "18": -0.1695515276342052, "19": -0.24256545635933988, "20": -0.3348841417287238, "21": -0.3475844554628962, "22": -0.2748180969434117, "23": -0.2999374965872237, "24": -0.28637997427417783, "25": -0.26631484479090034, "26": -0.1300778437754423, "27": -0.03215067139695637, "28": -0.11226300785866791, "29": -0.2732482616107972, "30": -0.43004751651235923, "31": -0.523466717542935, "32": -0.5612966055109923, "33": -0.48862672809893254, "34": -0.446134363875372, "35": -0.25604200643536656}}