{"clique_sizes": [2, 3, 4, 5, 6, 7, 8, 9, 10, 11, 12, 13, 14, 15, 16, 17, 18, 19, 20, 21, 22, 23, 24, 25, 26, 27, 28, 29, 30, 31, 32, 33, 34, 35, 36, 37, 38, 39, 40, 41, 42, 43, 44, 45, 46, 47], "homophily_values": {"2": 0.3872853933881244, "3": 0.4000612841842275, "4": 0.31858613586479195, "5": 0.32666176673249214, "6": 0.40423610710804037, "7": 0.48471475438531975, "8": 0.5279996236672491, "9": 0.5749122375037901, "10": 0.6094113181698703, "11": 0.6471550947207625, "12": 0.6767599660099899, "13": 0.6951764582869434, "14": 0.7024157146136472, "15": 0.7076783106574527, "16": 0.7146223726506495, "17": 0.7226969294975008, "18": 0.7304956358646709, "19": 0.7368329620650498, "20": 0.7183634286939364, "21": 0.6822383815632524, "22": 0.628672787008659, "23": 0.5922280762305281, "24": 0.575066444176985, "25": 0.5676439650304035, "26": 0.5338414406960738, "27": 0.4886347447478532, "28": 0.42747147275528147, "29": 0.3702164224635912, "30": 0.34362056812010766, "31": 0.35716283201617494, "32": 0.3667909418773171, "33": 0.3632148615879573, "34": 0.3804438341435917, "35": 0.39064395343859953, "36": 0.4073890960137532, "37": 0.3860760620568551, "38": 0.23412623791159654, "39": 0.03502306108147492, "40": 0.011100605322467358, "41": 0.012065068974351754, "42": -0.022817310192560933, "43": -0.05450900684282345, "44": -0.05702080544716686, "45": -0.047135659268858376, "46": -0.08618363426531542, "47": -0.08637627987770258}}