{"clique_sizes": [2, 3, 4, 5, 6, 7, 8, 9, 10, 11, 12, 13, 14, 15, 16, 17, 18, 19, 20, 21, 22, 23, 24, 25, 26, 27, 28, 29, 30, 31, 32, 33, 34, 35, 36, 37, 38, 39, 40, 41, 42], "homophily_values": {"2": 0.4509523443943092, "3": 0.5459287800019127, "4": 0.5761705041517349, "5": 0.6126667701171753, "6": 0.6185202625575599, "7": 0.5998174974813015, "8": 0.5598173058881794, "9": 0.5183693875143114, "10": 0.47787189077487136, "11": 0.43595447271616194, "12": 0.3854343373398862, "13": 0.33506376641014357, "14": 0.3052486193832469, "15": 0.3085601856985905, "16": 0.34269222052003534, "17": 0.4087375418567456, "18": 0.46830000780065895, "19": 0.5579848250000599, "20": 0.5854799682448371, "21": 0.5393765236069619, "22": 0.4955684513524507, "23": 0.43982949747596695, "24": 0.43028244530637993, "25": 0.4374048741441018, "26": 0.45144127952254987, "27": 0.44711696983899574, "28": 0.42718729441922093, "29": 0.42298130076811763, "30": 0.42326014769548426, "31": 0.3717786308504194, "32": 0.23249302165629682, "33": 0.16848071882465945, "34": 0.11646302374656244, "35": 0.12865658230239238, "36": 0.11718005083896749, "37": 0.13777181402020422, "38": 0.12766443086780815, "39": 0.14274693558805926, "40": 0.15683428123911167, "41": 0.17710554287720107, "42": 0.15679670203800133}}