{"clique_sizes": [2, 3, 4, 5, 6, 7, 8, 9, 10, 11, 12, 13, 14, 15, 16, 17, 18, 19, 20, 21, 22, 23, 24, 25, 26, 27, 28, 29, 30, 31, 32, 33, 34, 35, 36, 37, 38, 39, 40, 41, 42, 43, 44, 45, 46, 47, 48, 49, 50, 51, 52, 53, 54, 55, 56, 57, 58, 59, 60, 61], "homophily_values": {"2": 0.3012349737979796, "3": 0.3932395378331656, "4": 0.3879527878609673, "5": 0.4454755919896098, "6": 0.49664379816584436, "7": 0.48983023594541825, "8": 0.45544581991336, "9": 0.4048661640013467, "10": 0.3655002179393632, "11": 0.30110146899644497, "12": 0.24431150455630724, "13": 0.19900036352624279, "14": 0.17293165614949818, "15": 0.14286611443442443, "16": 0.11730794032015078, "17": 0.11079597373799316, "18": 0.10935205770206036, "19": 0.14499185857540992, "20": 0.17799469506451346, "21": 0.24014467834379763, "22": 0.2837878887853337, "23": 0.3399458120934261, "24": 0.38487177639665837, "25": 0.4346037426474576, "26": 0.4549487764612128, "27": 0.4740936108025357, "28": 0.4825474220933018, "29": 0.48234727189314014, "30": 0.470383200701617, "31": 0.46800816760775443, "32": 0.45841925776282355, "33": 0.4488268925298146, "34": 0.42147760630449504, "35": 0.38658565962833585, "36": 0.3375121877904516, "37": 0.3212287637060736, "38": 0.3221956693226207, "39": 0.32352782109165046, "40": 0.33658375830643184, "41": 0.37380597957956174, "42": 0.3964035730171791, "43": 0.39480193015405135, "44": 0.4258840510300951, "45": 0.43753842775629853, "46": 0.4639517144968548, "47": 0.501700418326373, "48": 0.54345438124833, "49": 0.5743923688555065, "50": 0.5977629532597878, "51": 0.6275653390588689, "52": 0.6583275077656408, "53": 0.6658231705948955, "54": 0.6792887235078231, "55": 0.6787426141156823, "56": 0.6809340334072747, "57": 0.6645808177722182, "58": 0.6545402429799054, "59": 0.6279785436718235, "60": 0.6362264054029365, "61": 0.6586944795468206}}