{"clique_sizes": [2, 3, 4, 5, 6, 7, 8, 9, 10, 11, 12, 13, 14, 15, 16, 17, 18, 19, 20, 21, 22, 23, 24, 25, 26, 27, 28, 29, 30, 31, 32, 33, 34, 35, 36, 37, 38, 39, 40, 41, 42, 43, 44], "homophily_values": {"2": 0.2942135790407717, "3": 0.37920298943056596, "4": 0.358933449265175, "5": 0.3365922535702539, "6": 0.3133060227406964, "7": 0.2552055561997457, "8": 0.1978694578156589, "9": 0.1757154258333285, "10": 0.16525711456371162, "11": 0.18829890283712658, "12": 0.19068728520630285, "13": 0.24843758767022017, "14": 0.22704653680683629, "15": 0.16905355022983798, "16": 0.1444631571682069, "17": 0.09524969300547215, "18": 0.053394011959252585, "19": -0.004622290013753971, "20": -0.0245994233651457, "21": -0.08817166057623549, "22": -0.2417127502999714, "23": -0.2984737042924246, "24": -0.3677610165870754, "25": -0.4220640886742183, "26": -0.4784442824859974, "27": -0.6441088245790079, "28": -0.6109886777886269, "29": -0.6210639031151829, "30": -0.5963071643712281, "31": -0.5280088880193056, "32": -0.32177371961519957, "33": -0.1040782150923676, "34": 0.0032048703774880324, "35": 0.41750987153924024, "36": 0.5705910979436483, "37": 0.5991549819051197, "38": 0.6092634482732872, "39": 0.4968086171327377, "40": 0.5838032279258304, "41": 0.5885171570291083, "42": 0.600719303390767, "43": 0.578511683752329, "44": 0.38247060642783137}}