{"clique_sizes": [2, 3, 4, 5, 6, 7, 8, 9, 10, 11, 12, 13, 14, 15, 16, 17, 18, 19, 20, 21, 22, 23, 24, 25, 26, 27, 28, 29], "homophily_values": {"2": 0.15279018949231993, "3": 0.33075004072063285, "4": 0.3412330110822476, "5": 0.43125874766224725, "6": 0.5474283514956335, "7": 0.5828915285946948, "8": 0.6231659104945406, "9": 0.6468390188531565, "10": 0.6471936052026978, "11": 0.6264279584831125, "12": 0.6342270887639048, "13": 0.5028977477572467, "14": 0.46751456682316467, "15": 0.5172747502507562, "16": 0.3589608510929655, "17": 0.49185228179873897, "18": 0.6794736294209707, "19": 0.4863584958171295, "20": 0.2210823282419865, "21": -0.29879807892933496, "22": -0.3018255802788209, "23": -0.020692509466818207, "24": -0.08465877152185095, "25": 0.3135981662638415, "26": 0.4759428433285974, "27": 0.3499353702576441, "28": 0.5789004922749585, "29": 0.41146417731981944}}