{"clique_sizes": [2, 3, 4, 5, 6, 7, 8, 9, 10, 11, 12, 13, 14, 15, 16, 17, 18, 19, 20, 21, 22, 23, 24, 25, 26, 27, 28, 29, 30, 31, 32, 33, 34, 35, 36, 37, 38, 39, 40, 41, 42], "homophily_values": {"2": 0.4374487995362333, "3": 0.5300090470995489, "4": 0.5027362602015697, "5": 0.48911298763791294, "6": 0.49568017404076353, "7": 0.4870317158183914, "8": 0.4532627111880933, "9": 0.4249104989439581, "10": 0.3978264670661301, "11": 0.3581775651279425, "12": 0.3149701447257242, "13": 0.27049190818797075, "14": 0.2385231952110995, "15": 0.22695420011291398, "16": 0.21797288713056, "17": 0.2385904887653859, "18": 0.2551330921445087, "19": 0.27594057645812353, "20": 0.3050175703043818, "21": 0.35836010118575823, "22": 0.4150801258254421, "23": 0.45645384366591363, "24": 0.48631538646298417, "25": 0.48000690284120556, "26": 0.46272690182446286, "27": 0.3863578310239355, "28": 0.31996188912433876, "29": 0.2879589897279912, "30": 0.32199548953515755, "31": 0.37628261634669313, "32": 0.4202837498864209, "33": 0.4478949156527141, "34": 0.46847464558353774, "35": 0.47813852230554404, "36": 0.47909375150684497, "37": 0.47616409546580674, "38": 0.4975340018868764, "39": 0.5389045291049784, "40": 0.5309105221574528, "41": 0.5236721807862424, "42": 0.46373959330344805}}