{"clique_sizes": [2, 3, 4, 5, 6, 7, 8, 9, 10, 11, 12, 13, 14, 15, 16, 17, 18, 19, 20, 21, 22, 23, 24, 25, 26, 27, 28, 29, 30, 31, 32, 33, 34, 35, 36, 37, 38, 39, 40, 41, 42, 43, 44, 45], "homophily_values": {"2": 0.44886143444840904, "3": 0.5521432284436744, "4": 0.6028046212064243, "5": 0.6655582819324763, "6": 0.7259511373372366, "7": 0.7424831581810544, "8": 0.7235796869196595, "9": 0.6776344871664, "10": 0.6223037767000923, "11": 0.5715570143930205, "12": 0.5261899236561276, "13": 0.5040223854831147, "14": 0.4892629263995678, "15": 0.5065334330219879, "16": 0.502287695065107, "17": 0.4626823115365214, "18": 0.394885011925986, "19": 0.3202068750915178, "20": 0.2704014756130515, "21": 0.21554082705265426, "22": 0.21792680926966335, "23": 0.21297801937778524, "24": 0.19852561634318922, "25": 0.18782427121724876, "26": 0.1950445578106912, "27": 0.20184647823047783, "28": 0.20072224156497792, "29": 0.2125846171560061, "30": 0.22676268410525446, "31": 0.24313539202351317, "32": 0.26292599936671024, "33": 0.29732664587347807, "34": 0.3402739706701643, "35": 0.4237348828758384, "36": 0.4989108074572261, "37": 0.5791453766582506, "38": 0.6921557070348963, "39": 0.7564391785994934, "40": 0.7914208389640317, "41": 0.8051717137262779, "42": 0.787886394125771, "43": 0.7760531844066672, "44": 0.9278086408320227, "45": 0.9437349149157794}}