{"clique_sizes": [2, 3, 4, 5, 6, 7, 8, 9, 10, 11, 12, 13, 14, 15, 16, 17, 18, 19, 20, 21, 22], "homophily_values": {"2": 0.48732537443165125, "3": 0.48331273722760715, "4": 0.518526699717429, "5": 0.5425893641777815, "6": 0.5761926841349306, "7": 0.6060980964067476, "8": 0.6210598983111304, "9": 0.6042790203608194, "10": 0.5424245419091198, "11": 0.4294010282985291, "12": 0.39293243141835454, "13": 0.32645686058727497, "14": 0.2783069276013738, "15": 0.19395497217071694, "16": 0.1754399190322622, "17": 0.16709716683660025, "18": 0.23598271662696635, "19": 0.30356658672428644, "20": 0.2114344715424665, "21": 0.173671581021767, "22": -0.12782937697447935}}