{"clique_sizes": [2, 3, 4, 5, 6, 7, 8, 9, 10, 11, 12, 13, 14, 15, 16, 17, 18, 19, 20, 21, 22, 23, 24, 25, 26, 27, 28, 29, 30, 31, 32, 33, 34, 35, 36, 37, 38], "homophily_values": {"2": 0.4457224070860901, "3": 0.4940919706377994, "4": 0.53302808182212, "5": 0.5748182220876566, "6": 0.6147564605219521, "7": 0.6579599185337472, "8": 0.6593299442480047, "9": 0.6416383170408031, "10": 0.6171733182352075, "11": 0.5845709375389059, "12": 0.5244151856999693, "13": 0.481149261355429, "14": 0.3721715707259416, "15": 0.34755310917914245, "16": 0.20457931441176508, "17": 0.05036684182645079, "18": -0.0370130711837065, "19": 0.06889347168622037, "20": -0.008403565491936327, "21": 0.07399090678801326, "22": 0.132283480040368, "23": 0.19319785999773756, "24": 0.1210464145182025, "25": 0.11585398308978352, "26": 0.2488072915090817, "27": 0.11323249338425094, "28": 0.2328790220950605, "29": 0.326244599840928, "30": 0.2945806899049675, "31": 0.018577496527591275, "32": -0.2109490496680467, "33": -0.41682057423817154, "34": -0.22836193675511315, "35": -0.45240525071847404, "36": -0.3522346216084375, "37": -0.18013494336700187, "38": 0.124536285623976}}