{"clique_sizes": [2, 3, 4, 5, 6, 7, 8, 9, 10, 11, 12, 13, 14, 15, 16, 17, 18, 19, 20, 21, 22, 23, 24, 25, 26, 27, 28, 29, 30, 31, 32, 33, 34, 35, 36], "homophily_values": {"2": 0.3855802790476543, "3": 0.6213277362292983, "4": 0.6972926498684935, "5": 0.7489965907530127, "6": 0.7917349720341134, "7": 0.8306439554806133, "8": 0.8508947724772051, "9": 0.855342243255022, "10": 0.8205060035560298, "11": 0.777326256318724, "12": 0.7413905975131618, "13": 0.6943930604876107, "14": 0.6390263023207722, "15": 0.6083838826175741, "16": 0.5962818185990435, "17": 0.5612098604594554, "18": 0.5610559756657532, "19": 0.5921627672384389, "20": 0.6321172210325414, "21": 0.630453882262737, "22": 0.643386793998723, "23": 0.6267966684287335, "24": 0.588892012276201, "25": 0.5531353603929595, "26": 0.509664065335095, "27": 0.451460063761535, "28": 0.44509180670751686, "29": 0.4328607923575767, "30": 0.41137923279294764, "31": 0.38468763979942244, "32": 0.34490495290625084, "33": 0.36099298246967054, "34": 0.21930427470683625, "35": 0.29150213213200427, "36": 0.2936718454152843}}