{"clique_sizes": [2, 3, 4, 5, 6, 7, 8, 9, 10, 11, 12, 13, 14, 15, 16, 17, 18, 19, 20, 21, 22, 23, 24, 25, 26, 27, 28, 29, 30, 31, 32, 33, 34, 35, 36, 37, 38, 39, 40, 41, 42, 43, 44, 45, 46, 47, 48, 49, 50, 51], "homophily_values": {"2": 0.4826324209259971, "3": 0.4473988188513215, "4": 0.34593407619070893, "5": 0.28474896230907576, "6": 0.3150450480229068, "7": 0.3649943588763072, "8": 0.4026804630114484, "9": 0.40694607681589506, "10": 0.419408898336475, "11": 0.4339686363092097, "12": 0.47657205013576115, "13": 0.5357350066232685, "14": 0.5987578467211409, "15": 0.6562638971098254, "16": 0.7164703801881687, "17": 0.7653756321110812, "18": 0.7769319604089064, "19": 0.73682754306824, "20": 0.6232124558146339, "21": 0.4019972671743291, "22": 0.1893109662596231, "23": 0.13904927007803639, "24": 0.1386768927846087, "25": 0.11594284498850077, "26": 0.046549151115013954, "27": 0.038668565404251384, "28": -0.0020650215074285994, "29": -0.029581235829801183, "30": -0.019794643535054213, "31": -0.02002371088403818, "32": -0.08259811772772041, "33": -0.06628124551192001, "34": -0.01972750972248714, "35": -0.12063993450865955, "36": -0.14508003232334357, "37": -0.060382555512856186, "38": 0.04507389777683473, "39": 0.1353418377712838, "40": 0.22029440240072762, "41": 0.19293062936501085, "42": 0.23566931079621747, "43": 0.2733369982870753, "44": 0.2683900870195598, "45": 0.24050825573672321, "46": 0.24805903210845362, "47": 0.2693549401334001, "48": 0.30618396610606297, "49": 0.2971692828628387, "50": 0.35829822603340405, "51": 0.3754597395644495}}