{"clique_sizes": [2, 3, 4, 5, 6, 7, 8, 9, 10, 11, 12, 13, 14, 15, 16, 17, 18, 19, 20, 21, 22, 23, 24, 25, 26, 27, 28, 29, 30, 31, 32, 33, 34, 35, 36, 37, 38, 39, 40, 41, 42, 43, 44, 45], "homophily_values": {"2": 0.443972286404415, "3": 0.5642933644081702, "4": 0.6067503821190421, "5": 0.6643597955734979, "6": 0.7011546163312621, "7": 0.7168147061439033, "8": 0.6954792286766841, "9": 0.6533191602876939, "10": 0.592840728880349, "11": 0.5215661106564932, "12": 0.4641369658616623, "13": 0.4233844771976841, "14": 0.40859313696397964, "15": 0.3953734296497811, "16": 0.38992767150932406, "17": 0.38899738526899913, "18": 0.37680984151476093, "19": 0.3802033367778478, "20": 0.4025970984475837, "21": 0.394503957079531, "22": 0.37690305660429174, "23": 0.349270215216827, "24": 0.33711140728508054, "25": 0.30989387297030546, "26": 0.304827994101716, "27": 0.31084158186626804, "28": 0.3186563592439391, "29": 0.3325760930096656, "30": 0.3363177574725358, "31": 0.3065081852990965, "32": 0.27278199937108283, "33": 0.2565943882199557, "34": 0.22638137612071146, "35": 0.16684680791170825, "36": 0.10733044941550733, "37": 0.061919331899828144, "38": 0.043804397167259125, "39": 0.0521561139032998, "40": 0.053987668651638954, "41": 0.06047026837317307, "42": 0.0697350983745629, "43": 0.07179324564138514, "44": 0.07951310941172031, "45": 0.09106655138269339}}