{"clique_sizes": [2, 3, 4, 5, 6, 7, 8, 9, 10, 11, 12, 13, 14, 15, 16, 17, 18, 19, 20, 21, 22, 23, 24, 25, 26, 27, 28, 29, 30, 31, 32, 33, 34, 35, 36, 37, 38, 39, 40, 41], "homophily_values": {"2": 0.40300670831656465, "3": 0.4768587350382051, "4": 0.5235844059703382, "5": 0.5544091586463336, "6": 0.5753024225473796, "7": 0.5924759688121429, "8": 0.5962284017979929, "9": 0.5829511523398301, "10": 0.5592278364766378, "11": 0.5007111000754294, "12": 0.4507209532548312, "13": 0.3961029849832146, "14": 0.3766109708476903, "15": 0.36462670614911397, "16": 0.3790720432132395, "17": 0.40889435039562394, "18": 0.44675744572455894, "19": 0.4620719344682973, "20": 0.45832255188966997, "21": 0.45937755993276985, "22": 0.42096128891426166, "23": 0.3948255811663666, "24": 0.39600271961723355, "25": 0.37569379754895116, "26": 0.34620936506040284, "27": 0.3101906640435107, "28": 0.3061722420850728, "29": 0.3201163310163022, "30": 0.3533219644575981, "31": 0.4289073052370342, "32": 0.5344432371672945, "33": 0.6119562419461524, "34": 0.7175129964269208, "35": 0.8126200635158426, "36": 0.7553664360237718, "37": 0.7848320774344738, "38": 0.8156052819329559, "39": 0.8401883581701425, "40": 0.7887654692921968, "41": 0.7166151756013329}}