{"clique_sizes": [2, 3, 4, 5, 6, 7, 8, 9, 10, 11, 12, 13, 14, 15, 16, 17, 18, 19, 20, 21, 22, 23, 24, 25, 26, 27], "homophily_values": {"2": 0.43559494005764027, "3": 0.4107706732929401, "4": 0.5125049864536698, "5": 0.5224575464828166, "6": 0.530143712541533, "7": 0.5381815085349981, "8": 0.5327400555829653, "9": 0.494548983836024, "10": 0.453285942849196, "11": 0.4016305138734252, "12": 0.3224150566785899, "13": 0.36325227984901814, "14": 0.4096422031842002, "15": 0.4466006637112451, "16": 0.47861277113992795, "17": 0.42912819479615316, "18": 0.40324472407999656, "19": 0.4589290372265763, "20": 0.35470911373950387, "21": 0.06969611338144482, "22": -0.06657225158140971, "23": -0.19365093016486334, "24": -0.22872122429453245, "25": -0.22424656835133466, "26": -0.1602850588243168, "27": 0.008614635516643779}}