{"clique_sizes": [2, 3, 4, 5, 6, 7, 8, 9, 10, 11, 12, 13, 14, 15, 16, 17, 18, 19, 20, 21, 22, 23, 24, 25, 26, 27, 28, 29, 30], "homophily_values": {"2": 0.35926026688656343, "3": 0.4082290927219746, "4": 0.5085393385285564, "5": 0.5607205693118081, "6": 0.5459823873890198, "7": 0.5547640864241126, "8": 0.5231292907143047, "9": 0.45087439427417564, "10": 0.327299268966707, "11": 0.25893358698612223, "12": 0.22727513054658027, "13": 0.2217054843640576, "14": 0.2627228552305084, "15": 0.31331969430601436, "16": 0.34931663078894815, "17": 0.4586312437693922, "18": 0.6655796750437183, "19": 0.8159910562863721, "20": 0.8474157573046646, "21": 0.8623528898051613, "22": 0.8884964684338088, "23": 0.881490951165004, "24": 0.7920227505466928, "25": 0.24308032669284574, "26": 0.2726553518700053, "27": -0.03940665941799931, "28": 0.06449522226758567, "29": 0.0864885703175738, "30": 0.08147678691283229}}