{"clique_sizes": [2, 3, 4, 5, 6, 7, 8, 9, 10, 11, 12, 13, 14, 15, 16, 17, 18, 19, 20, 21, 22, 23, 24, 25, 26, 27, 28, 29, 30, 31, 32, 33, 34, 35, 36, 37, 38], "homophily_values": {"2": 0.4411139683323346, "3": 0.4427625848581529, "4": 0.4129664017138281, "5": 0.40597416900861816, "6": 0.4203505479947218, "7": 0.462948154786417, "8": 0.504331601199092, "9": 0.5322882765483256, "10": 0.5728963116788277, "11": 0.562055069072952, "12": 0.5523640580052779, "13": 0.5188004642837349, "14": 0.4577710217820542, "15": 0.3824244725562171, "16": 0.2665556634260263, "17": 0.1982624016934796, "18": 0.13272096126991417, "19": 0.09581995467347498, "20": 0.036839736818434325, "21": -0.016509509298796646, "22": -0.010819274411951227, "23": -0.04367937535638214, "24": -0.05329895212927884, "25": -0.03881075377291035, "26": -0.03145741189225787, "27": -0.023664463011045498, "28": -0.00658100279204431, "29": 0.016686338950902036, "30": 0.02180222303581846, "31": -0.0057968964444283805, "32": -0.08741786849084653, "33": -0.12431506576758056, "34": -0.1173924741916886, "35": -0.11727626426977057, "36": -0.04959247694583058, "37": -0.006895351204689069, "38": -0.002728128526737334}}