{"clique_sizes": [2, 3, 4, 5, 6, 7, 8, 9, 10, 11, 12, 13, 14, 15, 16, 17, 18, 19, 20, 21, 22, 23, 24, 25, 26], "homophily_values": {"2": 0.37251765749828847, "3": 0.4956947988053965, "4": 0.521415904720071, "5": 0.5383958628437284, "6": 0.5707940211499414, "7": 0.5758868307409207, "8": 0.5757624368062757, "9": 0.5654409007139358, "10": 0.5428292408877156, "11": 0.4714258419605262, "12": 0.4095084991953581, "13": 0.34579454177312186, "14": 0.2941702814096172, "15": 0.23028912063201062, "16": 0.20894497675708884, "17": 0.1944715581539449, "18": 0.20377102266852784, "19": 0.2476750719227349, "20": 0.2796470206675414, "21": 0.3218909049725553, "22": 0.34836620222105197, "23": 0.4607933287212108, "24": 0.18573093710487681, "25": 0.1102321307451555, "26": 0.14899042139812127}}