{"clique_sizes": [2, 3, 4, 5, 6, 7, 8, 9, 10, 11, 12, 13, 14, 15, 16, 17, 18, 19, 20, 21, 22, 23, 24, 25, 26, 27, 28, 29, 30, 31, 32, 33, 34, 35, 36, 37], "homophily_values": {"2": 0.30585209993325546, "3": 0.34467090856817995, "4": 0.31389729123685384, "5": 0.35732284529351144, "6": 0.4325511707889963, "7": 0.4885690614357817, "8": 0.5247798278739714, "9": 0.5433058867976901, "10": 0.5651980813270023, "11": 0.5885886661190785, "12": 0.6279486895332967, "13": 0.6501589092480755, "14": 0.6315685703996193, "15": 0.6061522698363385, "16": 0.5663965261408249, "17": 0.5190978636932202, "18": 0.485013058638886, "19": 0.4681776090994815, "20": 0.4890306709358823, "21": 0.5110405114129128, "22": 0.5343131343167844, "23": 0.5425000748706851, "24": 0.5493640750750415, "25": 0.5487235698908267, "26": 0.5480655583203737, "27": 0.5196862732357723, "28": 0.4613071496703489, "29": 0.4099680852170229, "30": 0.41848028288607664, "31": 0.4369517654661358, "32": 0.5094904487711017, "33": 0.5922663854566532, "34": 0.6907782249415927, "35": 0.8508606774367333, "36": 0.7453560038330248, "37": 0.7669753090305148}}