{"clique_sizes": [2, 3, 4, 5, 6, 7, 8, 9, 10, 11, 12, 13, 14, 15, 16, 17, 18, 19, 20, 21, 22, 23, 24, 25, 26, 27, 28, 29, 30, 31], "homophily_values": {"2": 0.41185889692288397, "3": 0.5204507940239256, "4": 0.5866350543477911, "5": 0.628302736265623, "6": 0.654739738083053, "7": 0.6391678228403062, "8": 0.5997683733105399, "9": 0.5558284846935289, "10": 0.5302732815989455, "11": 0.5060375417468694, "12": 0.4892113854118414, "13": 0.474730819286654, "14": 0.4773577939780362, "15": 0.47651346283204454, "16": 0.4724622234507146, "17": 0.47442723930563024, "18": 0.48163774586351216, "19": 0.4833765230301574, "20": 0.4691903259286744, "21": 0.44628439474601894, "22": 0.42976872048875736, "23": 0.4170338936418862, "24": 0.42994907662591614, "25": 0.47039668387931566, "26": 0.5530672685717279, "27": 0.47498414499127467, "28": 0.4600428673494299, "29": 0.46287623586887033, "30": 0.4996152823247304, "31": 0.4966074175050424}}