{"clique_sizes": [2, 3, 4, 5, 6, 7, 8, 9, 10, 11, 12, 13, 14, 15, 16, 17, 18, 19, 20, 21, 22, 23, 24, 25, 26, 27, 28, 29, 30, 31, 32, 33, 34, 35, 36, 37, 38, 39, 40], "homophily_values": {"2": -0.08314824683807559, "3": -0.05010028326424487, "4": -0.03438145261125845, "5": -0.022001228054779394, "6": -0.005801121407584757, "7": 0.019268305195115513, "8": 0.0496517336343312, "9": 0.07317013182702672, "10": 0.10030731142882052, "11": 0.10925617334684318, "12": 0.1290708108247845, "13": 0.17654211970941042, "14": 0.22451550053246278, "15": 0.266522071465116, "16": 0.36826057222894854, "17": 0.46469491260867896, "18": 0.4672009426475062, "19": 0.5169865714378823, "20": 0.5757566351515384, "21": 0.6031750461864035, "22": 0.7122196040799649, "23": 0.7507821592213787, "24": 0.8709764939693208, "25": 0.9465610989749971, "26": 0.9578335475410137, "27": 0.9714603689160832, "28": 0.9575609241349332, "29": 0.9704806584412797, "30": 0.9717254072324145, "31": 0.9469195314161589, "32": 0.9549738000012242, "33": 0.9308114268480108, "34": 0.9208504435554415, "35": 0.8825573555617219, "36": 0.8941012689173944, "37": 0.889619122305359, "38": 0.8900991379962994, "39": 0.9457044495409669, "40": 0.8941236766048855}}