{"clique_sizes": [2, 3, 4, 5, 6, 7, 8, 9, 10, 11, 12, 13, 14, 15, 16, 17, 18, 19, 20, 21], "homophily_values": {"2": 0.13307900807735457, "3": 0.05137303561555126, "4": 0.0546806666939907, "5": 0.06468823249169212, "6": 0.07889715865435049, "7": 0.07745578201946221, "8": 0.07185897901436597, "9": 0.06446089225475408, "10": 0.0598155853274949, "11": 0.06070622670963376, "12": 0.05825833890196207, "13": 0.06437171144001994, "14": 0.059449275398826114, "15": 0.03851557797138148, "16": 0.023270109991116963, "17": 0.028015308115503172, "18": 0.04906570783026342, "19": 0.04271886646691671, "20": 0.04407386268646817, "21": 0.11609891696174374}}