{"clique_sizes": [2, 3, 4, 5, 6, 7, 8, 9, 10, 11, 12, 13, 14, 15, 16, 17, 18, 19, 20, 21, 22, 23, 24, 25, 26, 27, 28, 29, 30, 31, 32, 33, 34, 35, 36, 37, 38, 39, 40, 41, 42, 43, 44, 45, 46, 47, 48, 49, 50, 51, 52, 53, 54, 55, 56], "homophily_values": {"2": -0.22380641164747164, "3": -0.009961756265202987, "4": 0.062292289807118956, "5": 0.10834773753877308, "6": 0.14049172152742095, "7": 0.1588492712742373, "8": 0.17962976047092474, "9": 0.20227263198378376, "10": 0.22116297652839922, "11": 0.24153327514055872, "12": 0.26188193537710686, "13": 0.27253622088503315, "14": 0.2937804445880883, "15": 0.3292768059961815, "16": 0.3685634337255428, "17": 0.427872343878901, "18": 0.5020985601236856, "19": 0.6187979294777781, "20": 0.7273075645559899, "21": 0.8194742961303707, "22": 0.8901446347589586, "23": 0.9457131610536404, "24": 0.9729481603326026, "25": 0.9885348875887305, "26": 0.9943200043670057, "27": 0.9971897645989247, "28": 0.998283475147367, "29": 0.9984896934334062, "30": 0.9988602843795606, "31": 0.9989709320292899, "32": 0.9995583575194259, "33": 0.9997158443098458, "34": 0.9998382913786308, "35": 0.9999279016115926, "36": 0.9999499090724037, "37": 0.9999523924213605, "38": 0.9999689404970379, "39": 0.9999869026412473, "40": 1, "41": 1, "42": 1, "43": 1, "44": 1, "45": 1, "46": 1, "47": 1, "48": 1, "49": 1, "50": 1, "51": 1, "52": 1, "53": 1, "54": 1, "55": 1, "56": 1}}