{"clique_sizes": [2, 3, 4, 5, 6, 7, 8, 9, 10, 11, 12, 13, 14, 15, 16, 17, 18, 19, 20, 21, 22, 23, 24, 25, 26, 27, 28, 29, 30, 31, 32, 33, 34, 35, 36, 37, 38, 39, 40, 41, 42, 43, 44, 45, 46, 47, 48, 49], "homophily_values": {"2": -0.12366149643292595, "3": -0.001144112163779215, "4": 0.047806113470470424, "5": 0.07926241299942732, "6": 0.09433058806239929, "7": 0.09974292727466083, "8": 0.10470016126279601, "9": 0.10716127718639526, "10": 0.11311765289933937, "11": 0.12139768617373568, "12": 0.13518485874271216, "13": 0.15683396704040536, "14": 0.1921134917266277, "15": 0.2362290386935859, "16": 0.30051896702393954, "17": 0.37586062254943026, "18": 0.4741097839876546, "19": 0.5883577174720879, "20": 0.6789738900235343, "21": 0.7607449759852274, "22": 0.8226441753540906, "23": 0.8731355299685685, "24": 0.9126947768816077, "25": 0.9420267395403052, "26": 0.9572012405678378, "27": 0.9757746615094685, "28": 0.9824456202326242, "29": 0.9870745084619736, "30": 0.9914727627573743, "31": 0.9948902183725857, "32": 0.9960546405656183, "33": 0.997181505824248, "34": 0.9980071181253494, "35": 0.9990160238060088, "36": 0.9992119858579791, "37": 0.9993753032140419, "38": 0.9993890537317416, "39": 0.9994407942875037, "40": 0.9990450704481718, "41": 0.9993637376167986, "42": 0.9994086188378115, "43": 1, "44": 1, "45": 1, "46": 1, "47": 1, "48": 1, "49": 1}}