{"clique_sizes": [2, 3, 4, 5, 6, 7, 8, 9, 10, 11, 12, 13, 14, 15, 16, 17, 18, 19, 20, 21, 22, 23, 24, 25, 26, 27, 28, 29, 30, 31, 32], "homophily_values": {"2": -0.058638187540007214, "3": 0.0035748111616710487, "4": 0.013513863828146552, "5": 0.02347684287277243, "6": 0.03458884922552778, "7": 0.05081472566667691, "8": 0.05902296313843143, "9": 0.06453264864313686, "10": 0.05392668130025285, "11": 0.03951218239176536, "12": 0.0279735855123872, "13": 0.01735926650906658, "14": 0.009212169994746713, "15": 0.004008704970705144, "16": 0.004272151478228426, "17": 0.010146610393089615, "18": 0.018665869355906403, "19": 0.030180087943887077, "20": 0.04006556517018151, "21": 0.042406521988090445, "22": 0.035505835970712614, "23": 0.006261946489806036, "24": -0.009991365674842375, "25": -0.006003230330824748, "26": -0.008728978281425989, "27": -0.0013289446676086726, "28": 0.0041100387505582595, "29": -0.004922419836181138, "30": -0.01268842152871485, "31": -0.024251921224212523, "32": -0.028430340694925824}}