{"clique_sizes": [2, 3, 4, 5, 6, 7, 8, 9, 10, 11, 12, 13, 14, 15, 16, 17, 18, 19, 20, 21, 22, 23, 24, 25, 26, 27, 28, 29, 30, 31, 32, 33, 34, 35, 36, 37, 38, 39, 40, 41, 42], "homophily_values": {"2": -0.011110970657961461, "3": 0.03111064495525734, "4": 0.04840850871332434, "5": 0.06548192270448594, "6": 0.07534488338244352, "7": 0.08430760633846815, "8": 0.08566835393443055, "9": 0.09842106161034085, "10": 0.10593682249053045, "11": 0.11170437111104935, "12": 0.11231894352884694, "13": 0.12135905347569706, "14": 0.12202658145401668, "15": 0.11707974135377086, "16": 0.11479570482541815, "17": 0.11079077523552883, "18": 0.10550494493057082, "19": 0.08553209524792782, "20": 0.07919288821811658, "21": 0.06450979246163814, "22": 0.06966435509873622, "23": 0.0990652288074549, "24": 0.15241039560149564, "25": 0.15831488609595726, "26": 0.18958094263225386, "27": 0.2086363886197407, "28": 0.21763273336244837, "29": 0.24472507803172022, "30": 0.2362078581341519, "31": 0.2644351661182202, "32": 0.28170413687573165, "33": 0.3785569323379489, "34": 0.6518679389594992, "35": 0.8263653172823429, "36": 0.9465400484948864, "37": 0.9995838845735799, "38": 1, "39": 1, "40": 1, "41": 1, "42": 1}}