{"clique_sizes": [2, 3, 4, 5, 6, 7, 8, 9, 10, 11, 12, 13, 14, 15, 16, 17, 18, 19, 20, 21, 22, 23, 24, 25, 26, 27, 28, 29, 30, 31, 32, 33, 34, 35, 36, 37, 38, 39, 40], "homophily_values": {"2": -0.08721259874075432, "3": -0.006017550284695777, "4": 0.027452863042286647, "5": 0.05314611674492168, "6": 0.06762111637563162, "7": 0.07580772991330625, "8": 0.07554388881340504, "9": 0.07201807261547387, "10": 0.06453253942224883, "11": 0.05392653901150239, "12": 0.04926086761660746, "13": 0.043919164317612475, "14": 0.05276643396939739, "15": 0.06219431380870146, "16": 0.07547758217820347, "17": 0.08071712729856681, "18": 0.08886162217046059, "19": 0.09237691350356761, "20": 0.08204590931043924, "21": 0.0916410255404483, "22": 0.14066813552966168, "23": 0.2566412455969011, "24": 0.41180165028443644, "25": 0.6467842044043759, "26": 0.741136132840662, "27": 0.8390273823937185, "28": 0.8772377370200035, "29": 0.8692389901726857, "30": 0.9318618170127617, "31": 0.9529038697458855, "32": 0.9875545857086789, "33": 1, "34": 0.9999999999999998, "35": 1, "36": 1, "37": 1, "38": 1, "39": 1, "40": 1}}