{"clique_sizes": [2, 3, 4, 5, 6, 7, 8, 9, 10, 11, 12, 13, 14, 15, 16, 17, 18, 19, 20, 21, 22], "homophily_values": {"2": 0.01330946727036933, "3": 0.03780839515700336, "4": 0.03237199702735395, "5": 0.027503698757769514, "6": 0.03302674768251106, "7": 0.03884188495666971, "8": 0.03486626030638342, "9": 0.03716707638606301, "10": 0.04460256802282441, "11": 0.05504049598128747, "12": 0.06327059409793273, "13": 0.07245564774217783, "14": 0.05452968511951673, "15": 0.0491930104486282, "16": 0.0996803171959636, "17": 0.09656351891253481, "18": 0.127074773686342, "19": 0.16113353787431922, "20": 0.020808192136775747, "21": -0.01083990230115773, "22": -0.026536819747422256}}