{"clique_sizes": [2, 3, 4, 5, 6, 7, 8, 9, 10, 11, 12, 13, 14, 15, 16, 17, 18, 19, 20, 21, 22], "homophily_values": {"2": -0.00465467879267889, "3": 0.006607760482070929, "4": -0.007964607945015287, "5": -0.01037232330397041, "6": -0.004168231227388214, "7": 0.004191721391343368, "8": 0.018486362676932835, "9": 0.026706079955754337, "10": 0.03565146442171403, "11": 0.047636135614438524, "12": 0.05319094248090447, "13": 0.048978175246169126, "14": 0.03391274473727118, "15": 0.010619850717246845, "16": -0.0033638873304637686, "17": -0.02909039044164073, "18": -0.009141635047695232, "19": 0.014217286505092748, "20": 0.06809051440832076, "21": 0.2719975042128534, "22": -0.043860901866513244}}