{"clique_sizes": [2, 3, 4, 5, 6, 7, 8, 9, 10, 11, 12, 13, 14, 15, 16, 17, 18, 19, 20, 21, 22, 23, 24, 25, 26, 27, 28, 29, 30, 31, 32, 33], "homophily_values": {"2": 0.007035954338193595, "3": 0.020030577822316598, "4": 0.020386753137008835, "5": 0.030457128224919965, "6": 0.0365546065149297, "7": 0.04364753174220515, "8": 0.04102666717588003, "9": 0.040573005125451235, "10": 0.03930386989869601, "11": 0.043156614744352985, "12": 0.05260246170859197, "13": 0.0631433567248674, "14": 0.07932635260525911, "15": 0.09218959216529418, "16": 0.10095511870544092, "17": 0.1455022961714714, "18": 0.20886117293197232, "19": 0.29485924103414085, "20": 0.42978550203818283, "21": 0.44074418776993307, "22": 0.5260488017198631, "23": 0.6862712838785918, "24": 0.6003304991984377, "25": 0.7761234734623697, "26": 0.7449568728732869, "27": 0.889376305461424, "28": 0.94678206304522, "29": 0.9804292331475037, "30": 0.9893826213908316, "31": 1, "32": 1, "33": 1}}