{"clique_sizes": [2, 3, 4, 5, 6, 7, 8, 9, 10, 11, 12, 13, 14, 15, 16, 17, 18, 19, 20, 21, 22, 23, 24, 25, 26, 27, 28, 29, 30, 31, 32, 33, 34, 35, 36], "homophily_values": {"2": -0.09834718323813951, "3": -0.023856869068013292, "4": 0.006110308674618051, "5": 0.030157489257648773, "6": 0.056565602274993, "7": 0.06917116388973366, "8": 0.08452609888664528, "9": 0.0877419801381239, "10": 0.08675813742631276, "11": 0.07587943315203667, "12": 0.0785541595350333, "13": 0.09566456315766926, "14": 0.08795404407808982, "15": 0.09662393719934448, "16": 0.11654276365654842, "17": 0.15431707184902238, "18": 0.20026078585695883, "19": 0.23856586738603397, "20": 0.280770938506387, "21": 0.3130565657720653, "22": 0.3887613221435282, "23": 0.3553759102444483, "24": 0.4283331452575805, "25": 0.6392145125076979, "26": 0.787719515763082, "27": 0.8445933336883105, "28": 0.9500788947941708, "29": 0.9844355224915162, "30": 1, "31": 1, "32": 1, "33": 1, "34": 0.9999999999999998, "35": 1, "36": 1}}