{"clique_sizes": [2, 3, 4, 5, 6, 7, 8, 9, 10, 11, 12, 13, 14, 15, 16, 17, 18, 19, 20, 21, 22, 23, 24, 25, 26, 27, 28, 29], "homophily_values": {"2": -0.09628750282545101, "3": 0.05415862512682873, "4": 0.10263652533730852, "5": 0.12630719582761255, "6": 0.15430266787965252, "7": 0.1875775129686161, "8": 0.2103158932671269, "9": 0.23757662951536168, "10": 0.25404682846346716, "11": 0.27992463900021336, "12": 0.30878339644488634, "13": 0.36342042656634976, "14": 0.4441382121078159, "15": 0.5323287447075618, "16": 0.6023368328885611, "17": 0.6220132466169029, "18": 0.6062254526526648, "19": 0.6308133972866724, "20": 0.8118252438250569, "21": 0.8857914786953482, "22": 0.9535107234683249, "23": 0.9735860878904389, "24": 0.9722359727644605, "25": 0.9846894289487488, "26": 0.982051128902639, "27": 0.9774726973098282, "28": 0.9816189550461056, "29": 0.9936888243215654}}