{"clique_sizes": [2, 3, 4, 5, 6, 7, 8, 9, 10, 11, 12, 13, 14, 15, 16, 17, 18, 19, 20, 21, 22, 23, 24, 25, 26, 27, 28, 29, 30, 31, 32, 33, 34, 35, 36, 37, 38, 39, 40, 41, 42, 43, 44, 45, 46, 47], "homophily_values": {"2": -0.10747010160562745, "3": -0.039447887757225186, "4": 0.0068584989843883115, "5": 0.04089347899439596, "6": 0.06585403375140655, "7": 0.07761680776766297, "8": 0.08914467903722066, "9": 0.08903764734833965, "10": 0.10580445147033397, "11": 0.1114877723500669, "12": 0.11955096577436553, "13": 0.13652789104699437, "14": 0.15751010920745798, "15": 0.17333186608949913, "16": 0.20956121273547887, "17": 0.2495419737729377, "18": 0.34999830679672117, "19": 0.4737923487789738, "20": 0.5183853091170576, "21": 0.6308297634645426, "22": 0.7612429726786585, "23": 0.8977655522494142, "24": 0.9410021952462122, "25": 0.955557676039209, "26": 0.9374977541394316, "27": 0.9404085644525141, "28": 0.9366409380335774, "29": 0.9497884141877222, "30": 0.9723901734812921, "31": 0.9894465687384071, "32": 0.9994368561162857, "33": 1, "34": 0.9999999999999998, "35": 1, "36": 1, "37": 1, "38": 1, "39": 1, "40": 1, "41": 1, "42": 1, "43": 1, "44": 1, "45": 1, "46": 1, "47": 1}}