{"clique_sizes": [2, 3, 4, 5, 6, 7, 8, 9, 10, 11, 12, 13, 14, 15, 16, 17, 18, 19, 20], "homophily_values": {"2": -0.021304879717702133, "3": -0.0646580251455422, "4": 0.008835754601095758, "5": -0.025061674995321748, "6": -0.056777232059320094, "7": -0.04553399542309807, "8": -0.05292914017858856, "9": -0.029353923343384287, "10": -0.02166436753175263, "11": -0.008875005463793401, "12": 0.019878798047829514, "13": -0.05529195465140204, "14": -0.09767730056110459, "15": -0.1274560814483096, "16": -0.13705372885426012, "17": -0.1388403711369142, "18": -0.10847266070356283, "19": -0.09354084546540908, "20": -0.15313728423186973}}