{"clique_sizes": [2, 3, 4, 5, 6, 7, 8, 9, 10, 11, 12, 13, 14, 15, 16, 17, 18, 19, 20, 21, 22, 23, 24, 25, 26, 27, 28, 29, 30, 31, 32, 33, 34, 35, 36, 37, 38, 39, 40, 41, 42, 43], "homophily_values": {"2": 0.024399960938044113, "3": 0.017766760926128514, "4": 0.02182928276994596, "5": 0.029405938139734605, "6": 0.04303558135142982, "7": 0.051436711811311535, "8": 0.06419447287098529, "9": 0.0775187562117898, "10": 0.08812845888612739, "11": 0.09696910304215431, "12": 0.09899597472979628, "13": 0.0926768372063397, "14": 0.0883471193427407, "15": 0.08623852462837335, "16": 0.07306810564714895, "17": 0.06398188294756696, "18": 0.06562388411707706, "19": 0.06963271584307433, "20": 0.07291639464079305, "21": 0.07056796802898942, "22": 0.10038928256324026, "23": 0.1233720093855664, "24": 0.16393465108088523, "25": 0.2110665017205894, "26": 0.3358014260482183, "27": 0.45014886742609805, "28": 0.6707103460931251, "29": 0.7353681630377072, "30": 0.8203085251842548, "31": 0.8404263107703613, "32": 0.8367310954647615, "33": 0.8224009170385295, "34": 0.8452063462170558, "35": 0.8163660053382868, "36": 0.8529003539197206, "37": 1, "38": 1, "39": 1, "40": 1, "41": 1, "42": 1, "43": 1}}