{"clique_sizes": [2, 3, 4, 5, 6, 7, 8, 9, 10, 11, 12, 13, 14, 15, 16, 17, 18, 19, 20, 21, 22, 23, 24, 25, 26, 27, 28, 29, 30, 31, 32, 33], "homophily_values": {"2": -0.03181828391734076, "3": 0.01614620592628474, "4": 0.03723236259241508, "5": 0.07143348942994616, "6": 0.09539950364220255, "7": 0.12433314466384056, "8": 0.1699150164667375, "9": 0.20638103274762132, "10": 0.25130614088236897, "11": 0.2631060362420697, "12": 0.2655189833560195, "13": 0.26247740352769955, "14": 0.2958013512759717, "15": 0.3080089113913782, "16": 0.3613418287109539, "17": 0.41342824544667023, "18": 0.44998576863451184, "19": 0.5241969678438185, "20": 0.4685499484197407, "21": 0.32853306633814017, "22": 0.1868788700681637, "23": 0.10715698483282049, "24": 0.11648934135348862, "25": 0.11168143226451548, "26": 0.5345589631110691, "27": 1, "28": 1, "29": 1, "30": 1, "31": 1, "32": 1, "33": 1}}