{"clique_sizes": [2, 3, 4, 5, 6, 7, 8, 9, 10, 11, 12, 13, 14, 15, 16, 17, 18, 19, 20, 21, 22, 23, 24, 25, 26, 27, 28, 29, 30, 31], "homophily_values": {"2": -0.008993634362236824, "3": 0.06951230697876293, "4": 0.08680040808687843, "5": 0.0802532950913124, "6": 0.07572839163365601, "7": 0.07232334341871678, "8": 0.0659439606505589, "9": 0.059362234521898, "10": 0.05088173949316592, "11": 0.04075075001905024, "12": 0.04325205598883731, "13": 0.036481654912372305, "14": 0.03616142830082304, "15": 0.03331776339570636, "16": 0.01642038057196439, "17": 0.004004328686899761, "18": 0.004655060513076655, "19": 0.007289714660874311, "20": 0.01662974103410827, "21": 0.024176762123075846, "22": 0.03812246681850223, "23": 0.09474800617841077, "24": 0.08023529811385206, "25": 0.08759343430180648, "26": 0.09610013104131618, "27": 0.09496977080230293, "28": 0.11061155864849238, "29": 1, "30": 1, "31": 1}}