{"clique_sizes": [2, 3, 4, 5, 6, 7, 8, 9, 10, 11, 12, 13, 14, 15, 16, 17, 18, 19, 20, 21, 22, 23, 24, 25, 26, 27, 28, 29, 30, 31, 32, 33, 34, 35, 36, 37, 38, 39], "homophily_values": {"2": -0.05189986943587266, "3": 0.00946648417648041, "4": 0.033426920591676124, "5": 0.055186317212742676, "6": 0.07867528367354842, "7": 0.09661992414804943, "8": 0.10833825486487086, "9": 0.11236451707474149, "10": 0.11464142484251644, "11": 0.1017785852488291, "12": 0.08498741349658803, "13": 0.07309659773642636, "14": 0.05715782560498193, "15": 0.04878811252160481, "16": 0.041258474451256855, "17": 0.03618898199400929, "18": 0.037272339223240775, "19": 0.04543677287749523, "20": 0.05259370911086787, "21": 0.06183558917750787, "22": 0.07848152134689443, "23": 0.10487974610921617, "24": 0.16915766603015142, "25": 0.3147148414974268, "26": 0.5412136738095182, "27": 0.7089555448033007, "28": 0.7923302759780317, "29": 0.8794366229081068, "30": 0.9179024979057961, "31": 0.9577927694146163, "32": 0.9619956859142509, "33": 0.9633836769834365, "34": 0.9448958747380177, "35": 0.9540228807682383, "36": 0.9724501799789378, "37": 0.9423166975195036, "38": 0.9550604266079309, "39": 0.9562098626951784}}