{"clique_sizes": [2, 3, 4, 5, 6, 7, 8, 9, 10, 11, 12, 13, 14, 15, 16, 17, 18, 19, 20, 21, 22, 23, 24, 25, 26, 27, 28], "homophily_values": {"2": -0.008013256617292353, "3": 0.021192847866214212, "4": 0.05934914296760696, "5": 0.09077011161816195, "6": 0.1209293201805943, "7": 0.15155589370655703, "8": 0.1694119782201311, "9": 0.16100313954517725, "10": 0.13356229995846014, "11": 0.11784165296767013, "12": 0.11345905725477283, "13": 0.11198584954342478, "14": 0.13367967744310322, "15": 0.1463064241280957, "16": 0.13915611892730514, "17": 0.14482546963184328, "18": 0.14114293051999902, "19": 0.17095033040306987, "20": 0.37490792662627026, "21": 0.47790410388227916, "22": 0.614398148809335, "23": 0.45198488605501, "24": 0.192421965111822, "25": 0.12284422828383038, "26": 0.012417051244979504, "27": -0.019047809507155438, "28": 0.006438597889818084}}