{"clique_sizes": [2, 3, 4, 5, 6, 7, 8, 9, 10, 11, 12, 13, 14, 15, 16, 17, 18, 19, 20, 21, 22, 23, 24, 25, 26, 27, 28, 29, 30, 31, 32, 33, 34], "homophily_values": {"2": 0.003524153987487594, "3": 0.04262116983806476, "4": 0.06172580081074848, "5": 0.07668480488719744, "6": 0.09089803710813331, "7": 0.11230578760321233, "8": 0.1390239574090491, "9": 0.14682409133781368, "10": 0.13841374135389928, "11": 0.11838972612857851, "12": 0.09452901781295707, "13": 0.07505751954686847, "14": 0.06556192999634551, "15": 0.06271637242213365, "16": 0.05640650213214522, "17": 0.05447263358437817, "18": 0.05309611185739936, "19": 0.05400256162355278, "20": 0.05334217305122896, "21": 0.05181235971702222, "22": 0.04811594685501216, "23": 0.052571590330494036, "24": 0.0663461627553776, "25": 0.08611611268324595, "26": 0.11991421424499944, "27": 0.1290389659224843, "28": 0.10045627019254894, "29": 0.035427953001410925, "30": 0.010626622175687168, "31": 0.009010485817540813, "32": -0.01964468592469262, "33": -0.022787688132742852, "34": -0.02648955645700312}}