{"clique_sizes": [2, 3, 4, 5, 6, 7, 8, 9, 10, 11, 12, 13, 14, 15, 16, 17, 18, 19, 20, 21, 22, 23, 24, 25, 26, 27, 28, 29, 30, 31, 32, 33, 34, 35, 36, 37, 38, 39, 40, 41, 42, 43, 44, 45, 46, 47, 48, 49, 50, 51], "homophily_values": {"2": -0.07490866995025769, "3": 0.017381450605882726, "4": 0.046874626745673095, "5": 0.06726186336452485, "6": 0.08972430634467576, "7": 0.10162110872785203, "8": 0.10339674003415537, "9": 0.09358956547659877, "10": 0.08214494100497433, "11": 0.08069788385678721, "12": 0.07911731680211576, "13": 0.08561139978337978, "14": 0.09308953942443088, "15": 0.09486902213802531, "16": 0.09388507132220598, "17": 0.09711992631545288, "18": 0.12246626685067102, "19": 0.1610708778158996, "20": 0.2147526068933433, "21": 0.32835383244983896, "22": 0.47042454737695827, "23": 0.6161598309047349, "24": 0.6602459019469202, "25": 0.6907122279691296, "26": 0.7770565763829956, "27": 0.7622970236757176, "28": 0.8278359630861957, "29": 0.8892287386309655, "30": 0.9796933450144271, "31": 0.9964220883982572, "32": 0.9974048446501549, "33": 1, "34": 0.9999999999999998, "35": 1, "36": 1, "37": 1, "38": 1, "39": 1, "40": 1, "41": 1, "42": 1, "43": 1, "44": 1, "45": 1, "46": 1, "47": 1, "48": 1, "49": 1, "50": 1, "51": 1}}