{"clique_sizes": [2, 3, 4, 5, 6, 7, 8, 9, 10, 11, 12, 13, 14, 15, 16, 17, 18, 19, 20, 21, 22, 23, 24, 25, 26, 27, 28, 29, 30, 31, 32, 33, 34, 35, 36, 37, 38, 39, 40, 41, 42, 43, 44, 45, 46, 47, 48, 49, 50, 51, 52, 53, 54, 55, 56], "homophily_values": {"2": -0.26656255845408305, "3": -0.05409884877439042, "4": 0.030268155253050738, "5": 0.05943560330359669, "6": 0.06926492922632961, "7": 0.06698622062931497, "8": 0.0643601893069889, "9": 0.061240356017982917, "10": 0.06546315000895558, "11": 0.07240126718245932, "12": 0.08905767278394747, "13": 0.10964602435997534, "14": 0.14359051850552362, "15": 0.18046807212153065, "16": 0.2305296352535851, "17": 0.30551342385556457, "18": 0.38941120604265433, "19": 0.5046895486155519, "20": 0.6328194795448943, "21": 0.7494850216347563, "22": 0.827959667277588, "23": 0.8782389703521452, "24": 0.9027283800985926, "25": 0.9193679352698776, "26": 0.9254049344133879, "27": 0.9259324827783274, "28": 0.9310993579187999, "29": 0.9452859175774928, "30": 0.9579553024459785, "31": 0.9650221278693669, "32": 0.9655948793030299, "33": 0.9686729747713982, "34": 0.9733218780273918, "35": 0.9690750678677362, "36": 0.9607174599238522, "37": 0.9476089638800773, "38": 0.9421865304335808, "39": 0.9438089041492665, "40": 0.9492080815100687, "41": 0.9506550049680136, "42": 0.9547441178384977, "43": 0.9595787219301318, "44": 0.9654489141793354, "45": 0.9711460589510656, "46": 0.9800317975019434, "47": 0.9906164934834951, "48": 0.9981845969783025, "49": 0.9996094713686333, "50": 1, "51": 1, "52": 1, "53": 1, "54": 1, "55": 1, "56": 1}}