{"clique_sizes": [2, 3, 4, 5, 6, 7, 8, 9, 10, 11, 12, 13, 14, 15, 16, 17, 18, 19, 20, 21, 22, 23, 24, 25, 26, 27, 28, 29, 30, 31, 32, 33], "homophily_values": {"2": -0.045136809764965424, "3": -0.002787308553050122, "4": 0.006263476997054124, "5": 0.023517212167192644, "6": 0.043388674234204616, "7": 0.05996278269433217, "8": 0.06776176071773436, "9": 0.06501917743155537, "10": 0.05621303768650509, "11": 0.04572084895252804, "12": 0.03604121009113233, "13": 0.027647369415777147, "14": 0.009898099269519704, "15": 0.0025524613864236845, "16": 0.005490282302538131, "17": 0.024607807380509484, "18": 0.07839675658327279, "19": 0.1591149356098856, "20": 0.2188724050851122, "21": 0.1706234555548607, "22": 0.12705388172665108, "23": 0.16438781730859955, "24": 0.13729725633184559, "25": 0.09040796462392928, "26": 0.09228554216350741, "27": 0.2118862922655277, "28": 0.4485179108900885, "29": 0.9382425821441317, "30": 1, "31": 1, "32": 1, "33": 1}}