{"clique_sizes": [2, 3, 4, 5, 6, 7, 8, 9, 10, 11, 12, 13, 14, 15, 16, 17, 18, 19, 20, 21, 22, 23, 24, 25, 26, 27, 28, 29, 30, 31, 32, 33, 34, 35, 36, 37, 38, 39, 40, 41, 42], "homophily_values": {"2": -0.11410552815041786, "3": -0.051671171060520105, "4": -0.011424124007255274, "5": 0.016109010821866887, "6": 0.03471001981933378, "7": 0.056159077642111366, "8": 0.07219751075418007, "9": 0.07824727804136955, "10": 0.09233820947709423, "11": 0.11079903117975771, "12": 0.13335691664219404, "13": 0.18065796046224844, "14": 0.23071156350205574, "15": 0.28704129047503196, "16": 0.3868913558273973, "17": 0.49533366351769276, "18": 0.6372335402965204, "19": 0.7576342018932223, "20": 0.8604589353485804, "21": 0.9181085863518987, "22": 0.9450239218489607, "23": 0.9459928560859313, "24": 0.9517163121864813, "25": 0.9721615736857305, "26": 0.9910985846581448, "27": 0.9951575199550673, "28": 0.9967118180530087, "29": 0.9974006532651838, "30": 0.9969621514223155, "31": 0.997806930143304, "32": 0.9982087560830163, "33": 0.9994952191644322, "34": 0.9999999999999998, "35": 0.9995832711598094, "36": 0.9945180217695673, "37": 0.9928152383614595, "38": 0.9996145571087727, "39": 1, "40": 1, "41": 1, "42": 1}}