{"clique_sizes": [2, 3, 4, 5, 6, 7, 8, 9, 10, 11, 12, 13, 14, 15, 16, 17, 18, 19, 20, 21, 22, 23], "homophily_values": {"2": -0.034136134788020855, "3": 0.05839174484139956, "4": 0.06247798883814201, "5": 0.06512287416500159, "6": 0.06845925497698777, "7": 0.07577372142299973, "8": 0.07740063766399846, "9": 0.07495214120903976, "10": 0.07832787771642159, "11": 0.07171971368735443, "12": 0.0748547952836571, "13": 0.08575796295853201, "14": 0.09880105429780742, "15": 0.15154912692783595, "16": 0.17033060940479192, "17": 0.20408551635953284, "18": 0.31263075748721514, "19": 0.3441426433036585, "20": 0.4815936110645004, "21": 0.5541207257436468, "22": 0.16905152832870343, "23": -0.039630364547815586}}