{"clique_sizes": [2, 3, 4, 5, 6, 7, 8, 9, 10, 11, 12, 13, 14, 15, 16, 17, 18, 19, 20, 21, 22, 23, 24, 25, 26, 27, 28, 29, 30, 31, 32, 33, 34, 35, 36], "homophily_values": {"2": -0.013888458111783686, "3": 0.025855969033490037, "4": 0.042066860338774915, "5": 0.04553373049049273, "6": 0.048464199691982124, "7": 0.05287141086974463, "8": 0.06302405085691792, "9": 0.07859237186464954, "10": 0.094073407895335, "11": 0.10898777469892568, "12": 0.11888875126434092, "13": 0.13478894845259054, "14": 0.14873064693250077, "15": 0.14410745309175538, "16": 0.13973086246783534, "17": 0.13116177311757252, "18": 0.11768615410932752, "19": 0.10861925417457828, "20": 0.09555345477698327, "21": 0.09012768303764862, "22": 0.08320060184977274, "23": 0.08571801822710001, "24": 0.10441311334937672, "25": 0.1768795453981846, "26": 0.28816374149407087, "27": 0.4011866795503417, "28": 0.5520796499029866, "29": 0.8667672099817948, "30": 0.9534497709702955, "31": 0.9841004180681733, "32": 0.9861010638565291, "33": 0.9891387225044702, "34": 0.9915622029892932, "35": 0.9860976697329287, "36": 1}}