{"clique_sizes": [2, 3, 4, 5, 6, 7, 8, 9, 10, 11, 12, 13, 14, 15, 16, 17, 18, 19, 20, 21, 22, 23, 24], "homophily_values": {"2": 0.10653202702633313, "3": 0.0426597982818783, "4": 0.08016378749994, "5": 0.08373204100259235, "6": 0.07123232531624572, "7": 0.06595012789729823, "8": 0.05486231599015609, "9": 0.046929029501575986, "10": 0.03516500237554886, "11": 0.030016894085243873, "12": 0.030709535965357485, "13": 0.03606696771698998, "14": 0.05215597698573304, "15": 0.07907777943818162, "16": 0.10431811630207596, "17": 0.10493722027023372, "18": 0.10523833360314419, "19": 0.07982926173197313, "20": 0.09564621943811673, "21": 0.0271251959537811, "22": 0.03288927597720019, "23": 0.055186245084451996, "24": 0.07419531395968415}}