{"clique_sizes": [2, 3, 4, 5, 6, 7, 8, 9, 10, 11, 12, 13, 14, 15, 16, 17, 18, 19, 20, 21, 22, 23, 24, 25, 26, 27, 28, 29, 30, 31, 32, 33, 34, 35, 36, 37, 38, 39, 40, 41, 42, 43, 44, 45, 46], "homophily_values": {"2": -0.4491237565654889, "3": -0.24196643688877081, "4": -0.16278850523517102, "5": -0.12749805979641177, "6": -0.10266029047120712, "7": -0.08220428240438177, "8": -0.06285445319027064, "9": -0.0382627934414455, "10": -0.010231814784987945, "11": 0.014912401969830047, "12": 0.03795186513008913, "13": 0.05241929991936657, "14": 0.06585586878973455, "15": 0.07552655255867588, "16": 0.07112781950819703, "17": 0.07367510363515302, "18": 0.07644139804071579, "19": 0.07423904833256863, "20": 0.07382439374447126, "21": 0.06358584761949879, "22": 0.0415289644955772, "23": 0.025004032017502, "24": 0.03545600379290369, "25": 0.028185789868666218, "26": 0.02669812148634014, "27": -0.01962567918135112, "28": -0.01506724343401152, "29": 0.0046426163927985285, "30": 0.04585453772684646, "31": 0.09727246653457744, "32": 0.3006718221614724, "33": 0.9312183582662866, "34": 0.9459057390847154, "35": 0.9445657440396227, "36": 0.9504603622952954, "37": 0.9604486772922247, "38": 0.9612921237237293, "39": 0.9626853593750309, "40": 0.9627390867557938, "41": 0.9741971140109749, "42": 0.9796167529009799, "43": 0.9882696925589549, "44": 0.9992850373443304, "45": 0.997236368650608, "46": 1}}