{"clique_sizes": [2, 3, 4, 5, 6, 7, 8, 9, 10, 11, 12, 13, 14, 15, 16, 17, 18, 19, 20, 21, 22, 23, 24, 25, 26, 27, 28, 29, 30, 31, 32, 33, 34, 35, 36, 37, 38, 39, 40, 41, 42, 43, 44, 45, 46], "homophily_values": {"2": -0.274046098555287, "3": -0.07286054365368902, "4": 0.013127332215358917, "5": 0.05988727404284548, "6": 0.08192335346733401, "7": 0.08809505937197727, "8": 0.08779974760186021, "9": 0.09643044013204913, "10": 0.11252947248532005, "11": 0.13910059046516857, "12": 0.16797741906264246, "13": 0.19026582007535373, "14": 0.20467670511277142, "15": 0.213008458286631, "16": 0.22601440448094062, "17": 0.23880623472367896, "18": 0.2650698814943937, "19": 0.2580707919258933, "20": 0.26441015387749545, "21": 0.2599593516153129, "22": 0.25117889461067977, "23": 0.23770624313507363, "24": 0.22375258310003787, "25": 0.21864316855136168, "26": 0.2164320136610854, "27": 0.23138116018529914, "28": 0.2517799663934987, "29": 0.29208473008668145, "30": 0.3804800541427115, "31": 0.48700922445603007, "32": 0.5922220324530025, "33": 0.7133245634354246, "34": 0.873375505549268, "35": 0.969894071248858, "36": 0.9975104359883131, "37": 0.9997127064928312, "38": 1, "39": 1, "40": 1, "41": 1, "42": 1, "43": 1, "44": 1, "45": 1, "46": 1}}