{"clique_sizes": [2, 3, 4, 5, 6, 7, 8, 9, 10, 11, 12, 13, 14, 15, 16, 17, 18, 19, 20, 21, 22, 23, 24, 25, 26, 27, 28, 29, 30, 31, 32, 33, 34, 35, 36, 37, 38, 39], "homophily_values": {"2": -0.23048257315198178, "3": -0.12041208730976177, "4": -0.06600653184240912, "5": -0.0209226092479024, "6": 0.01737381744978271, "7": 0.04924245847126738, "8": 0.07182625363839808, "9": 0.0875294876405373, "10": 0.10995118913378986, "11": 0.14658751708703915, "12": 0.2057688989155313, "13": 0.287359725101566, "14": 0.371472709298832, "15": 0.4631308230951099, "16": 0.5544421142363534, "17": 0.623046603051439, "18": 0.6809003926138132, "19": 0.7300418495537921, "20": 0.7523225368131378, "21": 0.7475611756647476, "22": 0.7591743106978315, "23": 0.7687258663635922, "24": 0.8188885136317955, "25": 0.8347380931292866, "26": 0.8392460000719872, "27": 0.8720928311558601, "28": 0.9128631320628363, "29": 0.9395294005792033, "30": 0.9622321522244969, "31": 0.9748233915213737, "32": 0.9920419697968139, "33": 0.9986894783806, "34": 0.9999999999999998, "35": 1, "36": 1, "37": 1, "38": 1, "39": 1}}