{"clique_sizes": [2, 3, 4, 5, 6, 7, 8, 9, 10, 11, 12, 13, 14, 15, 16, 17, 18, 19, 20, 21, 22, 23, 24, 25, 26, 27, 28, 29, 30, 31, 32, 33, 34, 35, 36, 37, 38, 39, 40, 41, 42], "homophily_values": {"2": 0.05605116958135867, "3": 0.022824085354203077, "4": 0.032257669208097285, "5": 0.039872896458913266, "6": 0.062317083416086425, "7": 0.07965717701935365, "8": 0.10265794916786919, "9": 0.132821328807759, "10": 0.15578732317390862, "11": 0.19029340468384148, "12": 0.21762339748503545, "13": 0.23476276939472865, "14": 0.24197839364462492, "15": 0.22144926833258466, "16": 0.1982360303386264, "17": 0.19692393643428088, "18": 0.19678443839271786, "19": 0.21304201713892507, "20": 0.28295817344222224, "21": 0.3898194562158869, "22": 0.5535390008637282, "23": 0.7502756165658592, "24": 0.8893097435962831, "25": 0.9564509171946011, "26": 0.9900640294593042, "27": 0.9970525526537903, "28": 0.9989159748664104, "29": 0.9998874211247686, "30": 1, "31": 1, "32": 1, "33": 1, "34": 0.9999999999999998, "35": 1, "36": 1, "37": 1, "38": 1, "39": 1, "40": 1, "41": 1, "42": 1}}