{"clique_sizes": [2, 3, 4, 5, 6, 7, 8, 9, 10, 11, 12, 13, 14, 15, 16, 17, 18, 19, 20, 21, 22, 23, 24, 25, 26, 27, 28, 29, 30, 31, 32, 33, 34, 35, 36, 37], "homophily_values": {"2": -0.09612630814838466, "3": -0.03005458386152879, "4": 0.006841315110604429, "5": 0.033582137329988146, "6": 0.03828852630567473, "7": 0.029074523316408064, "8": 0.023752145509656045, "9": 0.026807114626331344, "10": 0.05479258897278742, "11": 0.09595543699647864, "12": 0.14529126149293295, "13": 0.24281003421546127, "14": 0.3801398612212106, "15": 0.46072772335016243, "16": 0.5100177716917982, "17": 0.5711850456711454, "18": 0.6184586535320431, "19": 0.617092879612302, "20": 0.6042391738427, "21": 0.6450650754467175, "22": 0.6744621614650821, "23": 0.821456737920512, "24": 0.8475764676821947, "25": 0.9092651712959984, "26": 0.9217511322357321, "27": 0.9827353124550263, "28": 0.9928010955218575, "29": 0.9880579343122554, "30": 0.9883556046311944, "31": 0.991750948583669, "32": 0.9903726771972652, "33": 0.9978753494504309, "34": 0.9999999999999998, "35": 1, "36": 1, "37": 1}}