{"clique_sizes": [2, 3, 4, 5, 6, 7, 8, 9, 10, 11, 12, 13, 14, 15, 16, 17, 18, 19, 20, 21, 22, 23, 24, 25, 26, 27, 28], "homophily_values": {"2": -0.2152233403847414, "3": -0.05627407068675683, "4": 0.01042544905453563, "5": 0.04083606999747507, "6": 0.05875893837421403, "7": 0.06069463677450705, "8": 0.073884142776526, "9": 0.08858938864880306, "10": 0.11888266525039484, "11": 0.16500737388956288, "12": 0.22776371640072537, "13": 0.285057906668795, "14": 0.32795486592814815, "15": 0.42685121463162895, "16": 0.4788494561365232, "17": 0.5541946853151286, "18": 0.5861225676881273, "19": 0.6424326873253283, "20": 0.7250037208083235, "21": 0.5687011701334195, "22": 0.6894463040633187, "23": 0.8548614820816282, "24": 0.8434286008562565, "25": 0.7718403996300172, "26": 0.5891246195380393, "27": 0.9501227594095972, "28": 1}}