{"clique_sizes": [2, 3, 4, 5, 6, 7, 8, 9, 10, 11, 12, 13, 14, 15, 16, 17, 18, 19, 20, 21, 22, 23, 24, 25, 26, 27, 28, 29, 30, 31, 32, 33, 34, 35, 36, 37, 38, 39, 40, 41, 42, 43, 44, 45, 46, 47, 48, 49], "homophily_values": {"2": -0.10940130978333498, "3": -0.005445082598737161, "4": 0.037623090880945245, "5": 0.0650362152666217, "6": 0.07143169171878361, "7": 0.07508000660114081, "8": 0.07867611238029179, "9": 0.08424937014661679, "10": 0.09080340371617558, "11": 0.09263316637200066, "12": 0.09585118941410548, "13": 0.11503905811348722, "14": 0.12139988155100312, "15": 0.11740004248132435, "16": 0.14957762917939518, "17": 0.17704471907082878, "18": 0.21463136966562588, "19": 0.24289499221132835, "20": 0.2704637055153033, "21": 0.31396725432229755, "22": 0.3411066697018297, "23": 0.37952374968750213, "24": 0.48212392967642226, "25": 0.6591701188864105, "26": 0.8092450028516418, "27": 0.8722899803037913, "28": 0.8916604577973415, "29": 0.9290998902698607, "30": 0.949192773054238, "31": 0.956713461361389, "32": 0.9676498844392872, "33": 0.9735083556962756, "34": 0.990318083913452, "35": 0.9968294457255883, "36": 0.9997577473791851, "37": 0.999956295960429, "38": 1, "39": 1, "40": 1, "41": 1, "42": 1, "43": 1, "44": 1, "45": 1, "46": 1, "47": 1, "48": 1, "49": 1}}