{"clique_sizes": [2, 3, 4, 5, 6, 7, 8, 9, 10, 11, 12, 13, 14, 15, 16, 17, 18, 19, 20, 21, 22, 23, 24, 25, 26, 27], "homophily_values": {"2": -0.16834998840100668, "3": -0.21966843921883933, "4": -0.22324903583794412, "5": -0.21782693500504996, "6": -0.2078090407622222, "7": -0.20752673413088538, "8": -0.1818345483271964, "9": -0.1561646495033035, "10": -0.1324707678129212, "11": -0.09115395729916943, "12": -0.05162585311075231, "13": 0.006732070581987854, "14": 0.11335164432826268, "15": 0.27603384338033693, "16": 0.45375388049102655, "17": 0.5684839065489071, "18": 0.5518574963581563, "19": 0.2475351711408415, "20": 0.23512590699389088, "21": 0.3192213949801006, "22": 0.3710838558711388, "23": 0.45738474909740445, "24": 0.4017217560133176, "25": 0.8395501101514523, "26": 0.8204926998070374, "27": 0.7228088827857421}}