{"clique_sizes": [2, 3, 4, 5, 6, 7, 8, 9, 10, 11, 12, 13, 14, 15, 16, 17, 18, 19, 20, 21, 22, 23, 24, 25, 26, 27, 28, 29, 30, 31, 32, 33, 34, 35, 36, 37, 38, 39, 40, 41, 42], "homophily_values": {"2": -0.07191594332177309, "3": 0.024630254953358466, "4": 0.07859234927637214, "5": 0.10671289382390164, "6": 0.1048582181000895, "7": 0.08917455954617635, "8": 0.06803421730431398, "9": 0.05750367063966919, "10": 0.049109175747683746, "11": 0.042539167650643334, "12": 0.0353538116967292, "13": 0.030904211200564073, "14": 0.026346745648540896, "15": 0.023516231499743096, "16": 0.02313801550756941, "17": 0.02634963081241543, "18": 0.034148495278649854, "19": 0.05013653339657586, "20": 0.0771167301197474, "21": 0.10835618144426865, "22": 0.15774239459069878, "23": 0.24838917673159874, "24": 0.42843854147386284, "25": 0.6426497038433415, "26": 0.814176254690622, "27": 0.9004098116251152, "28": 0.9540676146035769, "29": 0.9553997113101457, "30": 0.956923520986406, "31": 0.9536284339091302, "32": 0.952126590945713, "33": 0.9536787314091074, "34": 0.9462338452293354, "35": 0.9194979845517225, "36": 0.8382007806077598, "37": 0.7376242966288361, "38": 0.6301142910714638, "39": 0.44913055330158286, "40": 0.32706994609228685, "41": 0.03475702424875499, "42": -0.02219906763632374}}