{"clique_sizes": [2, 3, 4, 5, 6, 7, 8, 9, 10, 11, 12, 13, 14, 15, 16, 17, 18, 19, 20, 21, 22, 23, 24, 25], "homophily_values": {"2": 0.04719494796446275, "3": 0.020008406778741522, "4": 0.03224712609910409, "5": 0.034692437485366275, "6": 0.04505192446796681, "7": 0.058422894441712475, "8": 0.07349125946966695, "9": 0.07386425943516547, "10": 0.07235443707778583, "11": 0.06703974185148225, "12": 0.07649007214505889, "13": 0.0770035756671947, "14": 0.08601773823329863, "15": 0.09882041202396129, "16": 0.12377147753678935, "17": 0.12825901445625607, "18": 0.11272049444769217, "19": 0.06603608225773269, "20": 0.024425685673854, "21": -0.00075889222514959, "22": -0.02755683243728305, "23": -0.04059969800890248, "24": -0.0425445702367929, "25": -0.04199484140012956}}