{"clique_sizes": [2, 3, 4, 5, 6, 7, 8, 9, 10, 11, 12, 13, 14, 15, 16, 17, 18, 19, 20, 21, 22, 23, 24, 25, 26, 27, 28, 29, 30, 31, 32, 33, 34, 35, 36, 37, 38, 39, 40, 41, 42, 43, 44, 45, 46, 47, 48], "homophily_values": {"2": -0.16842139558863817, "3": -0.047340274523041126, "4": 0.03587131700558063, "5": 0.09100024344818744, "6": 0.12463323577016877, "7": 0.14527127082251004, "8": 0.16142090721804378, "9": 0.17636258008893912, "10": 0.19388661214240704, "11": 0.21867079523486438, "12": 0.24059429515724062, "13": 0.2647739960830786, "14": 0.29473885260422766, "15": 0.3266999681166419, "16": 0.37209113617794803, "17": 0.4260307619486611, "18": 0.5110824314906717, "19": 0.6188686162776151, "20": 0.7319957011290856, "21": 0.8188782630812936, "22": 0.8837501937005153, "23": 0.9218953812219768, "24": 0.9431321428614838, "25": 0.9573764315515702, "26": 0.9669851076893764, "27": 0.9724564399685742, "28": 0.9781623505189515, "29": 0.9807810179696699, "30": 0.9812948554509116, "31": 0.9832459306879257, "32": 0.9841552398999935, "33": 0.9848467446527817, "34": 0.9860084134583931, "35": 0.9873705039490339, "36": 0.9886084255559046, "37": 0.9897253458489063, "38": 0.9906792718466211, "39": 0.9896207604930543, "40": 0.9874594069062258, "41": 0.9805796312604302, "42": 0.9804419898933493, "43": 0.9900898484696485, "44": 0.9957753596825392, "45": 0.9993049765627647, "46": 1, "47": 1, "48": 1}}