{"clique_sizes": [2, 3, 4, 5, 6, 7, 8, 9, 10, 11, 12, 13, 14, 15, 16, 17, 18, 19, 20, 21, 22, 23, 24, 25, 26, 27, 28, 29, 30, 31, 32, 33], "homophily_values": {"2": 0.009653285288943159, "3": 0.021819173342709802, "4": 0.04338380908349877, "5": 0.05812861853166986, "6": 0.07330091991436002, "7": 0.08489133395210098, "8": 0.09960563977843642, "9": 0.09989697403705092, "10": 0.10168527807372794, "11": 0.1035807482128228, "12": 0.11123924864649637, "13": 0.1188907765556492, "14": 0.12839736147141323, "15": 0.16269694682020636, "16": 0.21505494139473197, "17": 0.26151964738164146, "18": 0.35185516902222164, "19": 0.4344048080676743, "20": 0.4701637911345822, "21": 0.4714664253314954, "22": 0.501506904102741, "23": 0.5648601649577744, "24": 0.6295817616402241, "25": 0.6826036620111706, "26": 0.7012007920442734, "27": 0.7421342739964762, "28": 0.6995083548098302, "29": 0.6614242204948284, "30": 0.5121430718657334, "31": 0.3885549464772703, "32": 0.41459117122822225, "33": 0.4307367800725849}}