{"clique_sizes": [2, 3, 4, 5, 6, 7, 8, 9, 10, 11, 12, 13, 14, 15, 16, 17, 18, 19, 20, 21, 22, 23, 24, 25, 26, 27, 28, 29, 30, 31, 32, 33, 34, 35, 36, 37, 38, 39, 40, 41, 42, 43, 44, 45], "homophily_values": {"2": -0.21514732651830937, "3": -0.03634825909284331, "4": 0.02121381063123229, "5": 0.028810206835713656, "6": 0.029410930080726552, "7": 0.029784567233433167, "8": 0.027605134441768875, "9": 0.024725621880640626, "10": 0.024889189054485818, "11": 0.02341361479744684, "12": 0.02242005947659475, "13": 0.028476891224423262, "14": 0.04116059317191607, "15": 0.05374988467973788, "16": 0.06846471700476851, "17": 0.09290644356457108, "18": 0.13104952094096903, "19": 0.2079601481379864, "20": 0.29095976746534785, "21": 0.40090015574772675, "22": 0.48499334431770236, "23": 0.6056732389773217, "24": 0.708306301588703, "25": 0.8153558509341959, "26": 0.8974067673850619, "27": 0.9386306368843149, "28": 0.9575308645952887, "29": 0.9611177347159177, "30": 0.96910094949586, "31": 0.982241790109864, "32": 0.9872899504936766, "33": 0.993945957357494, "34": 0.9978226560273145, "35": 0.998663208839977, "36": 0.9973580022498688, "37": 0.9974400038421278, "38": 0.9993581805085129, "39": 1, "40": 1, "41": 1, "42": 1, "43": 1, "44": 1, "45": 1}}