{"clique_sizes": [2, 3, 4, 5, 6, 7, 8, 9, 10, 11, 12, 13, 14, 15, 16, 17, 18, 19, 20, 21, 22, 23, 24, 25, 26, 27, 28, 29, 30, 31, 32, 33, 34, 35, 36, 37, 38, 39, 40, 41, 42, 43, 44, 45, 46], "homophily_values": {"2": -0.15855854260278124, "3": 0.014633826496845165, "4": 0.07889379538077475, "5": 0.10815871525036591, "6": 0.12553121111729174, "7": 0.14363570026693034, "8": 0.15972170114397177, "9": 0.18541398807887505, "10": 0.21676699736042443, "11": 0.25447569490499394, "12": 0.3112413705915659, "13": 0.387817015498801, "14": 0.485791182295084, "15": 0.6145380455063989, "16": 0.7317316018288925, "17": 0.8270072747422708, "18": 0.8714842224030617, "19": 0.8935283080509175, "20": 0.8887807456956207, "21": 0.9089456816941152, "22": 0.9133140632891225, "23": 0.9173847279773644, "24": 0.8992843703070602, "25": 0.896985325950879, "26": 0.9284602807670357, "27": 0.9262245166472678, "28": 0.9340845149891851, "29": 0.956856450113394, "30": 0.9795383373210366, "31": 0.9952996821505079, "32": 0.9991749207491781, "33": 1, "34": 0.9999999999999998, "35": 1, "36": 1, "37": 1, "38": 1, "39": 1, "40": 1, "41": 1, "42": 1, "43": 1, "44": 1, "45": 1, "46": 1}}