{"clique_sizes": [2, 3, 4, 5, 6, 7, 8, 9, 10, 11, 12, 13, 14, 15, 16, 17, 18, 19, 20, 21, 22, 23, 24, 25, 26, 27, 28, 29, 30, 31, 32, 33, 34, 35, 36, 37, 38, 39, 40], "homophily_values": {"2": -0.042606269327269936, "3": 0.013454785722303353, "4": 0.044025539900139465, "5": 0.06471825035925921, "6": 0.08188731236544089, "7": 0.08699538601829898, "8": 0.08736157194562597, "9": 0.09071030257370627, "10": 0.0949703824282399, "11": 0.10393897296073935, "12": 0.11676834795000231, "13": 0.12967393276086372, "14": 0.14601117674248643, "15": 0.17163093324893494, "16": 0.1979104065326227, "17": 0.22822069113020307, "18": 0.26278868685553897, "19": 0.2766009824839242, "20": 0.3051741379846334, "21": 0.3510253800080515, "22": 0.39917148965024235, "23": 0.46299005541941335, "24": 0.509835183152647, "25": 0.5702623014263192, "26": 0.614757750589939, "27": 0.7768533256504574, "28": 0.8799500525046617, "29": 0.9207915144907167, "30": 0.975789873636075, "31": 0.9957393265592932, "32": 1, "33": 1, "34": 0.9999999999999998, "35": 1, "36": 1, "37": 1, "38": 1, "39": 1, "40": 1}}