{"clique_sizes": [2, 3, 4, 5, 6, 7, 8, 9, 10, 11, 12, 13, 14, 15, 16, 17, 18, 19, 20, 21, 22, 23, 24, 25, 26, 27, 28, 29, 30, 31, 32, 33, 34, 35], "homophily_values": {"2": -0.17010953300025675, "3": -0.03483813030748997, "4": 0.014106984720621676, "5": 0.05100841219814419, "6": 0.08310760132524608, "7": 0.09528896514054638, "8": 0.09788042849877615, "9": 0.10511725600637285, "10": 0.10798557624398392, "11": 0.12453546438344339, "12": 0.13479733059992774, "13": 0.17310142265105416, "14": 0.22106479565108272, "15": 0.345982575118485, "16": 0.44813426032079895, "17": 0.537277300214166, "18": 0.4708461524005092, "19": 0.571557503390146, "20": 0.6540799036265874, "21": 0.787609952896508, "22": 0.7536869588648191, "23": 0.9712818371722237, "24": 0.9955983883171575, "25": 0.9854227099930045, "26": 0.9849961289259526, "27": 0.9946103815268272, "28": 0.9925162728011827, "29": 0.9944723642552183, "30": 0.9921420864412418, "31": 0.9856360719893668, "32": 1, "33": 0.9889599561571166, "34": 0.947613909608279, "35": 1}}