{"clique_sizes": [2, 3, 4, 5, 6, 7, 8, 9, 10, 11, 12, 13, 14, 15, 16, 17, 18, 19, 20, 21, 22, 23, 24, 25], "homophily_values": {"2": -0.1440340925086554, "3": 3.578433924503188e-05, "4": 0.09489150629607698, "5": 0.18969201526261714, "6": 0.2675074719303385, "7": 0.30812412382442234, "8": 0.31567787093087996, "9": 0.3029769693287649, "10": 0.28112596443203763, "11": 0.2586842656164262, "12": 0.25578477220037577, "13": 0.2562188930334367, "14": 0.2615431760303662, "15": 0.26898771060487514, "16": 0.29449027034815034, "17": 0.28532526353141324, "18": 0.28728951691415117, "19": 0.3179965141885898, "20": 0.27908263360534075, "21": 0.2533541069969876, "22": 0.10432932570397342, "23": 0.05595639919222337, "24": 0.09509782263520683, "25": 0.10401723696728907}}