{"clique_sizes": [2, 3, 4, 5, 6, 7, 8, 9, 10, 11, 12, 13, 14, 15, 16, 17, 18, 19, 20, 21, 22, 23, 24, 25, 26, 27, 28, 29, 30, 31, 32, 33, 34, 35, 36, 37], "homophily_values": {"2": -0.12593504959857738, "3": -0.0492291160049593, "4": -0.010366091377966374, "5": 0.012680909094484098, "6": 0.029991843805828478, "7": 0.03974499607846663, "8": 0.035886543754430705, "9": 0.030455787673570038, "10": 0.028361881462827775, "11": 0.02388372697368068, "12": 0.01986475893371012, "13": 0.015523837819064752, "14": 0.013113098622628628, "15": 0.009939561825928705, "16": 0.01821587292653746, "17": 0.014482276411073507, "18": 0.015997413557559726, "19": 0.020034156405321996, "20": 0.027894873530343083, "21": 0.03862801855935159, "22": 0.0687910656010558, "23": 0.12982607889018913, "24": 0.1303228669780342, "25": 0.27017215886347123, "26": 0.5018542448815279, "27": 0.6725155215949882, "28": 0.7577842602711465, "29": 0.8495447936457415, "30": 0.9194144534990804, "31": 0.9685460974186049, "32": 0.9748162662886994, "33": 1, "34": 0.9999999999999998, "35": 1, "36": 1, "37": 1}}