{"clique_sizes": [2, 3, 4, 5, 6, 7, 8, 9, 10, 11, 12, 13, 14, 15, 16, 17, 18, 19, 20, 21], "homophily_values": {"2": 0.04229285699897328, "3": -0.0011712049156213933, "4": 0.005448982962596757, "5": 0.013259289885785959, "6": 0.026050971205354594, "7": 0.014483712349587195, "8": 0.010905144346132595, "9": 0.022240589198741362, "10": 0.031093688771071076, "11": 0.04926592002969397, "12": 0.042244242278024466, "13": 0.03855182811051636, "14": 0.011247736156247905, "15": 0.011686521480477788, "16": 0.009481884928051946, "17": 0.0056923810149858145, "18": 0.019482041965845933, "19": 0.019368507572101696, "20": -0.004831785125210571, "21": 0.023165047793678534}}