{"clique_sizes": [2, 3, 4, 5, 6, 7, 8, 9, 10, 11, 12, 13, 14, 15, 16, 17, 18, 19, 20, 21, 22, 23, 24, 25, 26, 27, 28, 29, 30, 31, 32, 33, 34, 35, 36, 37, 38, 39, 40, 41, 42, 43, 44, 45, 46, 47, 48, 49, 50, 51, 52, 53, 54, 55], "homophily_values": {"2": -0.20836352504181346, "3": -0.03289602248293644, "4": 0.036067904313444685, "5": 0.08138427843436638, "6": 0.10329271038911954, "7": 0.12122306388684431, "8": 0.1341314734977713, "9": 0.1531229952732236, "10": 0.175723236380102, "11": 0.20043278658214825, "12": 0.21822365750637546, "13": 0.24941637110641127, "14": 0.2747456028561144, "15": 0.31146625091681, "16": 0.37671817232256416, "17": 0.4620580701267266, "18": 0.5828174054606776, "19": 0.71245073999706, "20": 0.8123177276129318, "21": 0.884484413318412, "22": 0.9339822155215393, "23": 0.9633148654972684, "24": 0.9783606308321405, "25": 0.9847932751859196, "26": 0.989752282505971, "27": 0.9916956723406387, "28": 0.9927422909680829, "29": 0.9930661754152085, "30": 0.9929567967296866, "31": 0.9934139033735094, "32": 0.9936945139884136, "33": 0.9945416682857761, "34": 0.9963246848782538, "35": 0.9977202559912335, "36": 0.9988641698875659, "37": 0.9995149907429083, "38": 0.9997708271994672, "39": 0.9999074886317648, "40": 0.9999889526861394, "41": 0.9999987325637447, "42": 1, "43": 1, "44": 1, "45": 1, "46": 1, "47": 1, "48": 1, "49": 1, "50": 1, "51": 1, "52": 1, "53": 1, "54": 1, "55": 1}}