{"clique_sizes": [2, 3, 4, 5, 6, 7, 8, 9, 10, 11, 12, 13, 14, 15, 16, 17, 18, 19, 20, 21, 22, 23, 24, 25, 26, 27, 28, 29, 30, 31, 32, 33, 34, 35, 36, 37, 38, 39, 40, 41], "homophily_values": {"2": -0.22688799537946272, "3": -0.03444834611529314, "4": 0.04557214385042127, "5": 0.09186303887480868, "6": 0.11423404275250942, "7": 0.12445710162819014, "8": 0.13183088426632625, "9": 0.13190123894419958, "10": 0.13854160692083933, "11": 0.14363648029477297, "12": 0.164730288365294, "13": 0.18784229493303653, "14": 0.22162338383192642, "15": 0.25298843660280934, "16": 0.27583872323102815, "17": 0.3184420349486087, "18": 0.33759055907248925, "19": 0.3488528335972161, "20": 0.36093515235231766, "21": 0.38300851155888443, "22": 0.4500518139111625, "23": 0.47244727517554563, "24": 0.487439145588397, "25": 0.5009270782748487, "26": 0.4940289109977819, "27": 0.5457597421838989, "28": 0.5482785756648509, "29": 0.6076797958048048, "30": 0.642021088820773, "31": 0.6621685399544108, "32": 0.6864575793963006, "33": 0.9388133412480756, "34": 0.9999999999999998, "35": 1, "36": 1, "37": 1, "38": 1, "39": 1, "40": 1, "41": 1}}