{"clique_sizes": [2, 3, 4, 5, 6, 7, 8, 9, 10, 11, 12, 13, 14, 15, 16, 17, 18, 19, 20, 21, 22, 23, 24, 25, 26, 27, 28, 29, 30, 31, 32, 33, 34, 35], "homophily_values": {"2": -0.12271395076201624, "3": 0.03023266653506182, "4": 0.050231695632696124, "5": 0.04941076854888513, "6": 0.04281879942291119, "7": 0.04450574065423141, "8": 0.052109149962766194, "9": 0.06204979996805884, "10": 0.06712078280780585, "11": 0.07296731579620837, "12": 0.07496631727176038, "13": 0.09105621100639616, "14": 0.10538771944711799, "15": 0.1160279015244098, "16": 0.12982876422560685, "17": 0.13701305787763352, "18": 0.1435108326038629, "19": 0.16807914418315276, "20": 0.2720541169868139, "21": 0.4917444043619302, "22": 0.7334395532128108, "23": 0.8419886338058997, "24": 0.8896933218146946, "25": 0.914614857272732, "26": 0.9245603337546284, "27": 0.929177296819539, "28": 0.9414311615068158, "29": 0.9604728650508879, "30": 0.9437337124456602, "31": 0.9196876723187206, "32": 0.9325826749155238, "33": 0.9503923853923855, "34": 0.9518514328808445, "35": 1}}