{"clique_sizes": [2, 3, 4, 5, 6, 7, 8, 9, 10, 11, 12, 13, 14, 15, 16, 17, 18, 19, 20, 21, 22, 23, 24, 25, 26, 27, 28, 29, 30, 31, 32, 33, 34], "homophily_values": {"2": 0.006469510459715722, "3": 0.03414067153945899, "4": 0.04024474061272368, "5": 0.050944752450883264, "6": 0.0657317164796053, "7": 0.0776336225181416, "8": 0.09281097776728059, "9": 0.10895445941827933, "10": 0.12102400029387178, "11": 0.13001793751702764, "12": 0.12197322463001882, "13": 0.0965011776808281, "14": 0.0944182151728982, "15": 0.09318901036655905, "16": 0.09490132533448535, "17": 0.13057652365715017, "18": 0.1620825074979948, "19": 0.18657431400442046, "20": 0.2351023867638693, "21": 0.25892150759863874, "22": 0.23849601362255587, "23": 0.1432140973301632, "24": 0.09081401348429675, "25": 0.043504023887354644, "26": 0.04011322938729117, "27": 0.027594479301655518, "28": 0.022609368288846424, "29": 0.025816107230894565, "30": 0.028690292300404093, "31": 0.024014093497026483, "32": 0.01399203650165752, "33": -0.006503734242854918, "34": -0.009535400093594382}}