{"clique_sizes": [2, 3, 4, 5, 6, 7, 8, 9, 10, 11, 12, 13, 14, 15, 16], "homophily_values": {"2": 0.014474299215956166, "3": 0.06513320304434012, "4": 0.03387520658977439, "5": 0.023263271476019268, "6": 0.023742100841672872, "7": 0.018189798400216093, "8": 0.062362652852127526, "9": 0.06973579259113971, "10": 0.07213788495976636, "11": 0.04797737459929198, "12": 0.01255772575855403, "13": -0.05673363190779536, "14": -0.07251004281261178, "15": -0.09482227161231771, "16": -0.08028778739789423}}