{"clique_sizes": [2, 3, 4, 5, 6, 7, 8, 9, 10, 11, 12, 13, 14, 15, 16, 17, 18, 19, 20, 21, 22, 23, 24, 25, 26, 27, 28, 29], "homophily_values": {"2": 0.035300287700076594, "3": 0.02472420485391666, "4": 0.015300744104788766, "5": 0.028892459496405558, "6": 0.024343669720531085, "7": 0.029199048422801334, "8": 0.038327368064007, "9": 0.0465836645759024, "10": 0.050776788848058495, "11": 0.048499017526781346, "12": 0.04209599292801533, "13": 0.03636398325850912, "14": 0.03229638769468571, "15": 0.03470536034284699, "16": 0.04499844079398615, "17": 0.058645537952542445, "18": 0.06518136157840657, "19": 0.06434848496971034, "20": 0.05592209669460721, "21": 0.05032124135924955, "22": 0.04824467037719021, "23": 0.038505908621836234, "24": 0.021813220597351794, "25": 0.005951826855089784, "26": -0.006407152775962321, "27": -0.005702724003046158, "28": -0.020633432406740912, "29": -0.034149984218158215}}