{"clique_sizes": [2, 3, 4, 5, 6, 7, 8, 9, 10, 11, 12, 13, 14, 15, 16, 17, 18, 19, 20, 21, 22, 23, 24, 25, 26, 27, 28, 29, 30, 31, 32, 33, 34, 35, 36], "homophily_values": {"2": -0.07053078562963194, "3": 0.03387944922866068, "4": 0.04165617144471402, "5": 0.04675533423914572, "6": 0.056703292142299994, "7": 0.05439704962528238, "8": 0.061585303763162486, "9": 0.06475085916104732, "10": 0.06435449635986708, "11": 0.048114734538786556, "12": 0.02964013135605649, "13": 0.013138424129516671, "14": 0.005380513419521058, "15": 0.003868725395217936, "16": 0.01393942720367264, "17": 0.02003372213565252, "18": 0.02649046291412161, "19": 0.04286187267439718, "20": 0.08316040827211363, "21": 0.24061254226923576, "22": 0.45744599671198427, "23": 0.6648046159237921, "24": 0.861300152668441, "25": 0.9194648078955433, "26": 0.9125854422085533, "27": 0.9403439054900078, "28": 0.9812290047482577, "29": 0.9832449539605184, "30": 1, "31": 1, "32": 1, "33": 1, "34": 0.9999999999999998, "35": 1, "36": 1}}