{"clique_sizes": [2, 3, 4, 5, 6, 7, 8, 9, 10, 11, 12, 13, 14, 15, 16, 17, 18, 19, 20, 21, 22, 23, 24, 25, 26, 27, 28, 29, 30, 31, 32, 33, 34, 35, 36, 37, 38, 39, 40, 41, 42, 43, 44, 45], "homophily_values": {"2": -0.22598706973412971, "3": -0.011038707864246877, "4": 0.04694352918031915, "5": 0.06818330599724864, "6": 0.07010855883179468, "7": 0.07323046127249742, "8": 0.07726279831697402, "9": 0.07803749794195758, "10": 0.08994894409575496, "11": 0.10140663084674782, "12": 0.11783732720970741, "13": 0.13122066119632173, "14": 0.16255604265635382, "15": 0.1886204827468981, "16": 0.19697995330966955, "17": 0.2100078010051259, "18": 0.17556334628519552, "19": 0.1714518547346785, "20": 0.18793558942318506, "21": 0.21361455360726195, "22": 0.35459822354522297, "23": 0.45056335497634975, "24": 0.614494495049789, "25": 0.7811925882675428, "26": 0.9392453896801388, "27": 0.9850342392870302, "28": 0.9929162908013933, "29": 0.998662310552177, "30": 0.9979495908991809, "31": 0.9987063145459086, "32": 1, "33": 1, "34": 0.9999999999999998, "35": 1, "36": 1, "37": 1, "38": 1, "39": 1, "40": 1, "41": 1, "42": 1, "43": 1, "44": 1, "45": 1}}