{"clique_sizes": [2, 3, 4, 5, 6, 7, 8, 9, 10, 11, 12, 13, 14, 15, 16, 17, 18, 19, 20, 21, 22, 23, 24, 25, 26, 27, 28, 29, 30, 31, 32], "homophily_values": {"2": -0.03789908340527165, "3": -0.003482492562364714, "4": 0.01593833611139925, "5": 0.03717387564473613, "6": 0.06571085530439943, "7": 0.0979371009397765, "8": 0.11529346717420826, "9": 0.13479171367415435, "10": 0.1600847868830349, "11": 0.18300708266708332, "12": 0.19999723484922272, "13": 0.21561949320852364, "14": 0.23615623688976212, "15": 0.2881149459369356, "16": 0.3501875773243581, "17": 0.46448758016042946, "18": 0.626482284384019, "19": 0.7678989739629479, "20": 0.8445396774229579, "21": 0.9165512378195391, "22": 0.9184728050092197, "23": 0.929393897484864, "24": 0.9386682336218727, "25": 0.9363848075722143, "26": 0.9379003451585586, "27": 0.9750018095911303, "28": 0.9944844899798245, "29": 1, "30": 1, "31": 1, "32": 1}}