{"clique_sizes": [2, 3, 4, 5, 6, 7, 8, 9, 10, 11, 12, 13, 14, 15, 16, 17, 18, 19], "homophily_values": {"2": -0.5297709401709318, "3": 0.39847227383459594, "4": 0.5447110297110322, "5": 0.42179043495928004, "6": 0.2619421883565537, "7": 0.1366534845666375, "8": 0.12492244333112534, "9": 0.3662005394444763, "10": 0.7292440813856759, "11": 0.8595365167763365, "12": 1, "13": 1, "14": 1, "15": 1, "16": 1, "17": 1, "18": 1, "19": 1}}