{"clique_sizes": [2, 3, 4, 5, 6, 7, 8, 9, 10, 11, 12, 13, 14, 15, 16, 17, 18, 19, 20, 21, 22, 23, 24, 25, 26], "homophily_values": {"2": -0.3729261861750165, "3": -0.47568161057268954, "4": -0.661592421845188, "5": -0.7917779020919351, "6": -0.5931069325382521, "7": -0.2623250840304161, "8": 0.06255385870224539, "9": 0.1668494884253906, "10": 0.4272396670729134, "11": 0.4779641625027022, "12": 0.678299053139952, "13": 0.6407189926682003, "14": 0.5217525977378118, "15": 0.5611317465609964, "16": 0.552192149559185, "17": 0.6121951313678365, "18": 0.7632722625396552, "19": 1, "20": 1, "21": 1, "22": 1, "23": 0.9999999999999949, "24": 1, "25": 1, "26": 1}}