{"clique_sizes": [2, 3, 4, 5, 6, 7, 8, 9, 10, 11, 12, 13, 14, 15, 16, 17, 18, 19, 20, 21, 22, 23, 24, 25, 26, 27, 28, 29, 30, 31, 32, 33, 34, 35, 36, 37, 38, 39, 40, 41, 42, 43, 44, 45, 46, 47, 48, 49, 50], "homophily_values": {"2": -0.025726009642341396, "3": 0.01641255760881083, "4": 0.020128625451521595, "5": 0.028288430665538516, "6": 0.037532379537970104, "7": 0.04784994500485767, "8": 0.057016834203863345, "9": 0.06088193099738324, "10": 0.0689614105414433, "11": 0.0779325937318062, "12": 0.09160041446571261, "13": 0.09653704218444263, "14": 0.09951174170658335, "15": 0.09520333420705974, "16": 0.08500224576581605, "17": 0.07572439763831691, "18": 0.06745757139181278, "19": 0.06685257018529614, "20": 0.07431449285265275, "21": 0.09192342623492156, "22": 0.1137720699830496, "23": 0.13214304600869778, "24": 0.15010918476889698, "25": 0.19910072233086096, "26": 0.2896200231033583, "27": 0.39650545638532003, "28": 0.4870949022390458, "29": 0.6429688960395624, "30": 0.753171057417585, "31": 0.802686002346504, "32": 0.7849071538467955, "33": 0.8153712389506057, "34": 0.8873717256038074, "35": 0.9608495400688948, "36": 0.9887988646444712, "37": 0.9856667108079157, "38": 0.9983623134005948, "39": 1, "40": 1, "41": 1, "42": 1, "43": 1, "44": 1, "45": 1, "46": 1, "47": 1, "48": 1, "49": 1, "50": 1}}