{"clique_sizes": [2, 3, 4, 5, 6, 7, 8, 9, 10, 11, 12, 13, 14, 15, 16, 17, 18, 19, 20], "homophily_values": {"2": 0.10979590624718233, "3": 0.057713690149284375, "4": 0.04331221802950122, "5": 0.04752356478495198, "6": 0.03706724290855172, "7": 0.03971505125258842, "8": 0.040086459273800015, "9": 0.04431778142523484, "10": 0.051060742493175375, "11": 0.05525919088907934, "12": 0.053052381347977386, "13": 0.06868695661342653, "14": 0.03871186711385551, "15": 0.012846734383351238, "16": 0.008478378636319924, "17": -0.005680395560922955, "18": -0.026560700673316454, "19": -0.008255094671422764, "20": -0.04384834174952346}}