{"clique_sizes": [2, 3, 4, 5, 6, 7, 8, 9, 10, 11, 12, 13, 14, 15, 16, 17, 18, 19, 20, 21, 22, 23, 24, 25, 26, 27, 28, 29, 30, 31, 32, 33, 34, 35, 36, 37, 38, 39, 40, 41, 42, 43, 44, 45, 46, 47], "homophily_values": {"2": -0.17625901810259642, "3": -0.034277453364324834, "4": 0.022691243741067263, "5": 0.0659825278916428, "6": 0.08734054375442121, "7": 0.09771578658569113, "8": 0.09581323410765197, "9": 0.09701632104312252, "10": 0.09600041586910471, "11": 0.1022937650288028, "12": 0.10434768821282117, "13": 0.1044321649338658, "14": 0.09269536470481624, "15": 0.09143316809042158, "16": 0.09248744664796721, "17": 0.11233199233461334, "18": 0.14925289321413632, "19": 0.2153235283923963, "20": 0.3372896592359629, "21": 0.4788560536161244, "22": 0.6701427334626475, "23": 0.803694480684247, "24": 0.8757464897496557, "25": 0.9198262277605013, "26": 0.9538254332707706, "27": 0.9675032918659922, "28": 0.9683587046575932, "29": 0.9886922959698276, "30": 0.9932064284245494, "31": 0.9953072395921093, "32": 0.9952323716247887, "33": 0.997306637193495, "34": 0.995453409715038, "35": 0.9954844699423825, "36": 0.9984495576791343, "37": 0.9991849868811046, "38": 1, "39": 1, "40": 1, "41": 1, "42": 1, "43": 1, "44": 1, "45": 1, "46": 1, "47": 1}}