{"clique_sizes": [2, 3, 4, 5, 6, 7, 8, 9, 10, 11, 12, 13, 14, 15, 16, 17, 18, 19, 20, 21, 22, 23, 24, 25, 26, 27, 28, 29, 30, 31, 32, 33, 34], "homophily_values": {"2": -0.2665056414679242, "3": -0.10366736623972676, "4": -0.05436594613850772, "5": -0.025456954415024158, "6": -0.0015303621278011798, "7": 0.014515270475168155, "8": 0.026480657256778423, "9": 0.03750494591058954, "10": 0.043137575120462665, "11": 0.056750000597389695, "12": 0.07552600288956084, "13": 0.08794552792542423, "14": 0.08364843995866457, "15": 0.09773515613514955, "16": 0.1324742942679098, "17": 0.21318077332978208, "18": 0.2835423558076273, "19": 0.49807886906359644, "20": 0.6605238933706181, "21": 0.7858281232066673, "22": 0.835933846929088, "23": 0.9191385999214366, "24": 0.9078572230762878, "25": 0.9547815034870201, "26": 0.9555495695322801, "27": 0.9555402184433084, "28": 0.9584846037050482, "29": 0.9378236044426475, "30": 0.9247128236429987, "31": 0.9378406896140228, "32": 0.9460395318687391, "33": 0.9818375875174857, "34": 0.9810510237425187}}