{"clique_sizes": [2, 3, 4, 5, 6, 7, 8, 9, 10, 11, 12, 13, 14, 15, 16, 17, 18, 19, 20, 21, 22, 23, 24, 25, 26, 27, 28, 29, 30, 31, 32, 33, 34, 35, 36, 37, 38, 39, 40, 41, 42, 43, 44, 45, 46, 47, 48, 49, 50, 51, 52, 53, 54, 55], "homophily_values": {"2": -0.20796225118022915, "3": -0.04279400909315495, "4": 0.014512370908196306, "5": 0.0518497051850319, "6": 0.07871117420160045, "7": 0.08472057305546223, "8": 0.08202668495464774, "9": 0.07813753204290891, "10": 0.07740437306387807, "11": 0.06939931242317432, "12": 0.05784342974694759, "13": 0.046505464576489276, "14": 0.0426829696725039, "15": 0.038554431188616595, "16": 0.03927404088942361, "17": 0.048433691380483465, "18": 0.06323997478465981, "19": 0.09016187688480148, "20": 0.1389464850712543, "21": 0.1930937154895096, "22": 0.25601945160938255, "23": 0.363689915681765, "24": 0.5052769496508965, "25": 0.6240336097314358, "26": 0.75149847644397, "27": 0.8549698971271165, "28": 0.9428725275524978, "29": 0.9734724208866944, "30": 0.9854833676365589, "31": 0.9912259647569647, "32": 0.9930004177275603, "33": 0.9952393271623688, "34": 0.9930582908943362, "35": 0.9921169105106183, "36": 0.9902739052701723, "37": 0.9870968162241818, "38": 0.9818467605542301, "39": 0.9746398243106937, "40": 0.970198069447796, "41": 0.9669520403824252, "42": 0.9674025480928684, "43": 0.9633954350381592, "44": 0.9620692830024449, "45": 0.9618576994548856, "46": 0.9628917368052163, "47": 0.9628756184245721, "48": 0.9625407239658045, "49": 0.9614595238025205, "50": 0.962181021384138, "51": 0.9612027432570314, "52": 0.9614285094708166, "53": 0.9621562734430653, "54": 0.9628570831941196, "55": 0.9635324089542266}}