{"clique_sizes": [2, 3, 4, 5, 6, 7, 8, 9, 10, 11, 12, 13, 14, 15, 16, 17, 18, 19, 20, 21, 22, 23, 24, 25, 26, 27, 28, 29, 30, 31, 32, 33, 34, 35, 36, 37, 38, 39, 40, 41, 42, 43, 44, 45, 46, 47], "homophily_values": {"2": -0.16251643026693088, "3": -0.005769967957083483, "4": 0.05442568487737192, "5": 0.09510728947756596, "6": 0.12743390204420685, "7": 0.1563080641488655, "8": 0.1727136231699498, "9": 0.18401446487202838, "10": 0.18319263726165128, "11": 0.18546345470464784, "12": 0.17746517433110964, "13": 0.1741014878694867, "14": 0.18565865902016923, "15": 0.22926645844911014, "16": 0.29881102047099506, "17": 0.42176111912260417, "18": 0.5388060926528433, "19": 0.6430054509759453, "20": 0.7394308273096575, "21": 0.7976897928910489, "22": 0.8458856391579512, "23": 0.8749397715284919, "24": 0.8992593877648614, "25": 0.9183615163422025, "26": 0.9249410708519545, "27": 0.9247043789921212, "28": 0.9125420714233684, "29": 0.8982472237847117, "30": 0.8894460026759148, "31": 0.9056369927049748, "32": 0.9269064658939455, "33": 0.9510429808383775, "34": 0.9768185317881517, "35": 0.9926099936993183, "36": 0.99768152433344, "37": 0.9996405782268306, "38": 0.9998738114455146, "39": 0.9999557421442483, "40": 0.9999892809455438, "41": 1, "42": 1, "43": 1, "44": 1, "45": 1, "46": 1, "47": 1}}