{"clique_sizes": [2, 3, 4, 5, 6, 7, 8, 9, 10, 11, 12, 13, 14, 15, 16, 17, 18, 19, 20, 21, 22, 23, 24, 25, 26, 27, 28, 29, 30, 31, 32, 33, 34, 35, 36, 37, 38, 39, 40, 41, 42, 43, 44, 45, 46, 47, 48, 49, 50, 51, 52, 53, 54, 55, 56, 57, 58, 59], "homophily_values": {"2": -0.11976556194394627, "3": 0.03183364016991305, "4": 0.10551672950107938, "5": 0.1454819198314431, "6": 0.173584908717615, "7": 0.19520966449567917, "8": 0.20169860400712378, "9": 0.20442625178681512, "10": 0.19260735824951006, "11": 0.17955521169495436, "12": 0.15420457341684185, "13": 0.11377598479040706, "14": 0.08154604577452618, "15": 0.05775513101869566, "16": 0.05069778901619215, "17": 0.04957946250064227, "18": 0.05227573939326643, "19": 0.07028458834006535, "20": 0.09952997561603157, "21": 0.1641070290948252, "22": 0.26814844711815794, "23": 0.42806977593662876, "24": 0.6163406387900152, "25": 0.7799469746835699, "26": 0.897736997749262, "27": 0.9440336887698869, "28": 0.963416153743805, "29": 0.964568916205629, "30": 0.964446435914795, "31": 0.9650246662983316, "32": 0.9592748177541612, "33": 0.9486225769838256, "34": 0.9401384885723081, "35": 0.9032906185996413, "36": 0.7861400396010486, "37": 0.6601043771712416, "38": 0.5964642240046668, "39": 0.46688848531797794, "40": 0.4305527114574974, "41": 0.6972493775371081, "42": 0.9818044485545513, "43": 1, "44": 1, "45": 1, "46": 1, "47": 1, "48": 1, "49": 1, "50": 1, "51": 1, "52": 1, "53": 1, "54": 1, "55": 1, "56": 1, "57": 1, "58": 1, "59": 0.9999999999999998}}