{"clique_sizes": [2, 3, 4, 5, 6, 7, 8, 9, 10, 11, 12, 13, 14, 15, 16, 17, 18, 19, 20, 21, 22, 23, 24, 25, 26, 27, 28, 29, 30, 31, 32, 33, 34], "homophily_values": {"2": 0.06167170901794128, "3": 0.0016575889856244586, "4": 0.049391184580488835, "5": 0.061221233375081875, "6": 0.0734214699024715, "7": 0.08766843463415996, "8": 0.09454741521188845, "9": 0.11158577887775899, "10": 0.11898758838372861, "11": 0.1245403041457397, "12": 0.12031604742464079, "13": 0.10630094109595774, "14": 0.08992710223505235, "15": 0.09045602293083824, "16": 0.09212817135850108, "17": 0.09205079982217176, "18": 0.11549473037047871, "19": 0.17000526768341034, "20": 0.33995137126269886, "21": 0.5356693866167161, "22": 0.613076946872993, "23": 0.8605020227228758, "24": 0.930778684027814, "25": 0.9818153929658632, "26": 0.9718020381174342, "27": 0.9908030764574807, "28": 0.9623673816980792, "29": 1, "30": 1, "31": 1, "32": 1, "33": 1, "34": 0.9999999999999998}}