{"clique_sizes": [2, 3, 4, 5, 6, 7, 8, 9, 10, 11, 12, 13, 14, 15, 16, 17, 18, 19, 20, 21, 22, 23, 24, 25, 26, 27, 28, 29, 30, 31, 32, 33, 34], "homophily_values": {"2": -0.01780421375870178, "3": 0.03626731256312027, "4": 0.047261526120654415, "5": 0.06089981768686954, "6": 0.06750427840629013, "7": 0.07918128137959103, "8": 0.09211199838251984, "9": 0.09682131155339746, "10": 0.09384900672328439, "11": 0.09394216550711107, "12": 0.08293163810652464, "13": 0.07615995461152787, "14": 0.06320028835776292, "15": 0.05491421497100743, "16": 0.05119674115030808, "17": 0.050855246680607105, "18": 0.05036295833807471, "19": 0.049062773798891804, "20": 0.04303256216867677, "21": 0.03783863461681337, "22": 0.03721975691765336, "23": 0.034104542133611394, "24": 0.031180366355784164, "25": 0.025974913486726006, "26": 0.0189239785677661, "27": 0.011813380740667354, "28": 0.008690892902668562, "29": -0.0012079274816811732, "30": -0.003012640229500309, "31": -0.008153384035066574, "32": -0.017867757787112585, "33": -0.022259251099376428, "34": -0.02358592618332882}}