{"clique_sizes": [2, 3, 4, 5, 6, 7, 8, 9, 10, 11, 12, 13, 14, 15, 16, 17, 18, 19, 20, 21, 22, 23, 24, 25, 26, 27, 28, 29, 30, 31, 32, 33, 34, 35, 36, 37], "homophily_values": {"2": -0.13128333820960683, "3": -0.010384518425432171, "4": 0.04539496436154615, "5": 0.08720444641426914, "6": 0.11491331457283338, "7": 0.12503798156114754, "8": 0.13181691509223556, "9": 0.1432553775047699, "10": 0.17922123781324384, "11": 0.2208415182513438, "12": 0.29610283303201057, "13": 0.396575617263906, "14": 0.5182830084870268, "15": 0.6242200067123254, "16": 0.6986251521921294, "17": 0.7585898839113638, "18": 0.7826903344286249, "19": 0.8599910013817693, "20": 0.9194656121885221, "21": 0.9678360568907401, "22": 0.9859707547564308, "23": 0.9911758518411118, "24": 0.9933697982096542, "25": 0.9954616874263181, "26": 0.997068569371187, "27": 0.9980461274176912, "28": 0.9985389157240439, "29": 0.9991775728489998, "30": 0.9994894981912504, "31": 0.9997622281748452, "32": 0.9998412782899048, "33": 1, "34": 0.9999999999999998, "35": 1, "36": 1, "37": 1}}