{"clique_sizes": [2, 3, 4, 5, 6, 7, 8, 9, 10, 11, 12, 13, 14, 15, 16, 17, 18, 19, 20, 21, 22, 23, 24, 25, 26, 27, 28, 29, 30, 31, 32, 33, 34, 35, 36, 37, 38, 39], "homophily_values": {"2": -0.07556199310618533, "3": -0.014316031753752928, "4": 0.016455543462801134, "5": 0.037413463262478186, "6": 0.0525006015831364, "7": 0.06011646930886329, "8": 0.07570215949485891, "9": 0.08665072003080557, "10": 0.0996860576531345, "11": 0.11132933033992566, "12": 0.1203659623886856, "13": 0.12594679721341065, "14": 0.12486260064473868, "15": 0.11388268619243427, "16": 0.10263539414950693, "17": 0.09473158547986527, "18": 0.08278695062036351, "19": 0.07178262843116738, "20": 0.07060325825689329, "21": 0.07278303673557834, "22": 0.06293266595856302, "23": 0.07489041618371846, "24": 0.08096258096223413, "25": 0.07952760332358393, "26": 0.09537673545973485, "27": 0.14798009490168862, "28": 0.21688650968470052, "29": 0.36015570949553843, "30": 0.6555269998811601, "31": 0.8938106694724435, "32": 1, "33": 1, "34": 0.9999999999999998, "35": 1, "36": 1, "37": 1, "38": 1, "39": 1}}