{"clique_sizes": [2, 3, 4, 5, 6, 7, 8, 9, 10, 11, 12, 13, 14, 15, 16, 17, 18, 19, 20, 21, 22, 23, 24, 25, 26, 27, 28, 29, 30, 31, 32, 33, 34, 35, 36, 37, 38, 39, 40, 41, 42, 43, 44, 45, 46], "homophily_values": {"2": -0.1192206271392309, "3": -0.03825545477670822, "4": -0.01056986205054826, "5": 0.01894738125842891, "6": 0.038493333513839254, "7": 0.04709340768604714, "8": 0.04498404092436499, "9": 0.0474771143806266, "10": 0.049793318889029735, "11": 0.05444209405201941, "12": 0.06556438683672157, "13": 0.07742214866890648, "14": 0.09687929856373408, "15": 0.12135193216306676, "16": 0.14792455350126107, "17": 0.17145899902335474, "18": 0.20774099098159274, "19": 0.23422971475543972, "20": 0.27661250762225403, "21": 0.345271833063989, "22": 0.3985668165448068, "23": 0.4587869903927806, "24": 0.5218807227179616, "25": 0.5672214759949843, "26": 0.5945934532566359, "27": 0.6295328410317879, "28": 0.6379472252136077, "29": 0.6823758783941005, "30": 0.6685389507608841, "31": 0.5195681491042479, "32": 0.4472386401872166, "33": 0.26577322327358743, "34": 0.27013597382664856, "35": 0.2271400630905671, "36": 0.12737303129002542, "37": 0.10780732564217907, "38": 0.06636364150331919, "39": 0.0996262691303244, "40": 0.18414673912598387, "41": 0.3695919919094482, "42": 0.4015201843292813, "43": 0.3954402189125387, "44": -0.01625459639448473, "45": -0.016919749318380042, "46": -0.01842962542534371}}