{"clique_sizes": [2, 3, 4, 5, 6, 7, 8, 9, 10, 11, 12, 13, 14, 15, 16, 17, 18, 19, 20, 21, 22, 23, 24, 25, 26, 27, 28, 29, 30, 31, 32], "homophily_values": {"2": -0.15278989826103181, "3": -0.07145280008331892, "4": -0.02853237539698094, "5": 0.005743973197834484, "6": 0.016592720883576113, "7": 0.02937315460275014, "8": 0.04134212517989995, "9": 0.03980717324977663, "10": 0.03856672064738775, "11": 0.042790239773278074, "12": 0.043338621993601924, "13": 0.05436851687944699, "14": 0.06329421547143672, "15": 0.08688767716712083, "16": 0.13967156685482027, "17": 0.16383212004166434, "18": 0.19750150789571302, "19": 0.2318226061201368, "20": 0.3077622395828904, "21": 0.37656702175310386, "22": 0.4719737391954804, "23": 0.5984544033970561, "24": 0.7456042098285436, "25": 0.7825946021943806, "26": 0.8205056831488233, "27": 0.7129030913818746, "28": 0.7364295796094449, "29": 0.7054905037700421, "30": 0.7880929514720798, "31": 0.8231393458092641, "32": 0.7030505737614425}}