{"clique_sizes": [2, 3, 4, 5, 6, 7, 8, 9, 10, 11, 12, 13, 14, 15, 16, 17, 18, 19, 20, 21, 22, 23, 24, 25, 26, 27, 28, 29, 30, 31, 32, 33, 34, 35, 36, 37, 38, 39, 40, 41, 42, 43, 44, 45, 46, 47, 48, 49, 50, 51, 52, 53, 54, 55, 56, 57, 58, 59, 60, 61], "homophily_values": {"2": -0.30388816353784676, "3": -0.0791475779618925, "4": -0.00363245183178032, "5": 0.02193348956174849, "6": 0.029509857902631553, "7": 0.03949360372221203, "8": 0.053166494907129866, "9": 0.06925725195983501, "10": 0.09272652397933585, "11": 0.12553807014961169, "12": 0.17814549865252374, "13": 0.22726228408088853, "14": 0.3001121520649049, "15": 0.3560165200934002, "16": 0.4448666177897915, "17": 0.5304660079348031, "18": 0.5897315312253777, "19": 0.6652367388517391, "20": 0.739232574629445, "21": 0.7847362602061807, "22": 0.8132250081385031, "23": 0.8734216646685116, "24": 0.9182413938615082, "25": 0.9355360744747896, "26": 0.9512744482272177, "27": 0.9574868902027572, "28": 0.9630124294652338, "29": 0.9690190656493951, "30": 0.9756008333036507, "31": 0.9791356193928203, "32": 0.9816034751448643, "33": 0.983601546097512, "34": 0.9807999458302303, "35": 0.975638106152801, "36": 0.9742869232978499, "37": 0.9703001576547734, "38": 0.9674253233476324, "39": 0.9774104593162062, "40": 0.9859255550095312, "41": 0.9859871003440198, "42": 0.9817885669701043, "43": 0.9819358733306317, "44": 0.9833960154691511, "45": 0.9848204684544716, "46": 0.9910555923292057, "47": 0.9934967691653598, "48": 0.9935815963415926, "49": 0.9931146834800704, "50": 0.9941686554336157, "51": 0.9956888550194786, "52": 0.99785275313685, "53": 0.9993091032061567, "54": 0.9999734384896883, "55": 1, "56": 1, "57": 1, "58": 1, "59": 0.9999999999999998, "60": 1, "61": 1}}