{"clique_sizes": [2, 3, 4, 5, 6, 7, 8, 9, 10, 11, 12, 13, 14, 15, 16, 17, 18, 19, 20, 21, 22, 23, 24, 25, 26, 27, 28, 29, 30, 31, 32, 33], "homophily_values": {"2": -0.009574439050442057, "3": 0.01559036255568727, "4": 0.03402370286073434, "5": 0.03885579695696183, "6": 0.04293671778994164, "7": 0.05371325706411288, "8": 0.058458729750627304, "9": 0.05619140856284305, "10": 0.065174302180039, "11": 0.08641684601127421, "12": 0.10733224815555313, "13": 0.12347421677546515, "14": 0.13291131627974045, "15": 0.17285548952792953, "16": 0.3039415534877195, "17": 0.3241141404523182, "18": 0.3937330542973344, "19": 0.48617765567358107, "20": 0.614768263446376, "21": 0.6650163161366442, "22": 0.6876725863461364, "23": 0.6675424747247747, "24": 0.6093677286884839, "25": 0.7330709184795658, "26": 0.7846556810146077, "27": 0.9168485659228507, "28": 0.9720286297947023, "29": 0.9508864370927113, "30": 0.9671345330921151, "31": 0.9423038495147644, "32": 0.9724792796480098, "33": 1}}