{"clique_sizes": [2, 3, 4, 5, 6, 7, 8, 9, 10, 11, 12, 13, 14, 15, 16, 17, 18, 19, 20, 21, 22, 23, 24, 25, 26, 27, 28, 29, 30, 31, 32, 33, 34, 35, 36, 37, 38, 39, 40, 41, 42, 43, 44, 45, 46, 47, 48], "homophily_values": {"2": -0.08260028976376532, "3": -0.01757964026472797, "4": 0.010535859565441133, "5": 0.031896996954053826, "6": 0.04979344679847219, "7": 0.06048948763852994, "8": 0.061515516499656475, "9": 0.06660167678195697, "10": 0.07749513719604677, "11": 0.09354139879903978, "12": 0.106446551905065, "13": 0.12431340511348682, "14": 0.1500829374045328, "15": 0.17551362652125416, "16": 0.21077722935400875, "17": 0.2371173529279666, "18": 0.3039265054303404, "19": 0.37771076187912034, "20": 0.4371917587827482, "21": 0.48064495381873273, "22": 0.5499884613641872, "23": 0.6166994517236497, "24": 0.6814192231179386, "25": 0.7268046930339458, "26": 0.7908583172987619, "27": 0.8205395336472668, "28": 0.8655750813519033, "29": 0.8760418412060546, "30": 0.8883766617566968, "31": 0.90624725987429, "32": 0.923207422228559, "33": 0.9358981212899222, "34": 0.9708664733373792, "35": 0.9915112138129496, "36": 0.9959848015623213, "37": 1, "38": 1, "39": 1, "40": 1, "41": 1, "42": 1, "43": 1, "44": 1, "45": 1, "46": 1, "47": 1, "48": 1}}