{"clique_sizes": [2, 3, 4, 5, 6, 7, 8, 9, 10, 11, 12, 13, 14, 15, 16, 17, 18, 19, 20, 21, 22, 23, 24, 25, 26, 27, 28, 29, 30, 31, 32, 33, 34, 35, 36, 37, 38, 39, 40, 41, 42, 43, 44, 45, 46, 47], "homophily_values": {"2": -0.1895066903863665, "3": -0.021703836678974353, "4": 0.03959629910645183, "5": 0.06687886033591234, "6": 0.08194428092565922, "7": 0.08748990641795282, "8": 0.09543962353692434, "9": 0.09524547517828545, "10": 0.1029780235963753, "11": 0.11115536369881182, "12": 0.11324688205195071, "13": 0.11875187555017584, "14": 0.1269712775309689, "15": 0.12457057857505463, "16": 0.11890837683596735, "17": 0.127039075220542, "18": 0.12484543938004539, "19": 0.1261927048120235, "20": 0.15046541001347227, "21": 0.20556103304159526, "22": 0.26594995875863814, "23": 0.319961668984978, "24": 0.3577815407272063, "25": 0.3720118871155299, "26": 0.49146419705464006, "27": 0.6002660152723287, "28": 0.8250354144284082, "29": 0.910811206448299, "30": 0.924995278163694, "31": 0.9347791854114109, "32": 0.9248295377189727, "33": 0.9342937330973775, "34": 0.9126360272156815, "35": 0.9198323688843507, "36": 0.9546975838856573, "37": 0.9734674599426367, "38": 0.9861314984842691, "39": 0.9892221386710074, "40": 0.9943673251742877, "41": 0.9960901104758375, "42": 0.9990443327720749, "43": 0.9987758132345299, "44": 1, "45": 1, "46": 1, "47": 1}}