{"clique_sizes": [2, 3, 4, 5, 6, 7, 8, 9, 10, 11, 12, 13, 14, 15, 16, 17, 18, 19, 20, 21, 22, 23, 24, 25, 26, 27, 28, 29, 30, 31, 32, 33, 34, 35, 36, 37, 38, 39, 40, 41, 42, 43, 44, 45, 46, 47, 48, 49, 50, 51], "homophily_values": {"2": -0.18708529593263296, "3": -0.06634641679910155, "4": 0.0005529969289308767, "5": 0.03951866664982974, "6": 0.06742698641201478, "7": 0.08287069460307736, "8": 0.09479534829413641, "9": 0.1007661093945559, "10": 0.11093330149053947, "11": 0.12515959367054816, "12": 0.13311664826908812, "13": 0.1545449394149397, "14": 0.1921248903391232, "15": 0.2216114411288872, "16": 0.2759213876472819, "17": 0.3309515855633912, "18": 0.34965232494197124, "19": 0.40221233922008093, "20": 0.46861469672559697, "21": 0.571973464835547, "22": 0.638756298673699, "23": 0.7184663436250192, "24": 0.7780784562335405, "25": 0.8467161751463196, "26": 0.9238298445170641, "27": 0.9453282873493184, "28": 0.9495250383853706, "29": 0.9589637414203536, "30": 0.9600275417019442, "31": 0.968239782558053, "32": 0.9753102551541151, "33": 0.9810271971881995, "34": 0.9872508728163502, "35": 0.9894476458560015, "36": 0.9968718718385697, "37": 0.999502760901336, "38": 0.9998395929202993, "39": 0.9999300872201549, "40": 1, "41": 1, "42": 1, "43": 1, "44": 1, "45": 1, "46": 1, "47": 1, "48": 1, "49": 1, "50": 1, "51": 1}}