{"clique_sizes": [2, 3, 4, 5, 6, 7, 8, 9, 10, 11, 12, 13, 14, 15, 16, 17, 18, 19, 20, 21, 22, 23, 24, 25, 26, 27, 28, 29, 30], "homophily_values": {"2": -0.12004209432008012, "3": -0.03248553474697227, "4": 0.009422933970169176, "5": 0.01644808267562807, "6": 0.022069481655039067, "7": 0.01708235818284137, "8": 0.016647933147846305, "9": 0.016892355555440785, "10": 0.02847123309720178, "11": 0.034056157123888306, "12": 0.04280420137006545, "13": 0.041141514598918495, "14": 0.06269165429392849, "15": 0.09502143501132376, "16": 0.13859229452895985, "17": 0.14579346743114655, "18": 0.18550681086559573, "19": 0.1428797391231516, "20": 0.1338279148786157, "21": 0.08942441018071183, "22": 0.04586907235734734, "23": 0.04124414995461635, "24": 0.06391626857798825, "25": 0.5974196643879692, "26": 0.7198541094670193, "27": 0.33936252381228565, "28": 0.22981047404023147, "29": 0.14379258177414142, "30": -0.0406469509696929}}