{"clique_sizes": [2, 3, 4, 5, 6, 7, 8, 9, 10, 11, 12, 13, 14, 15, 16, 17, 18, 19, 20, 21, 22, 23, 24, 25, 26, 27, 28, 29, 30, 31, 32, 33, 34, 35, 36, 37, 38, 39, 40, 41], "homophily_values": {"2": -0.08752042226777318, "3": -0.014351635400125545, "4": 0.02186816539207062, "5": 0.043932927946376515, "6": 0.053910955284608736, "7": 0.06667294744046015, "8": 0.07552309863928379, "9": 0.07680922550054842, "10": 0.07873363558870156, "11": 0.08374325363472242, "12": 0.08068362221182186, "13": 0.10227771898099254, "14": 0.11414530428664277, "15": 0.12431714320408441, "16": 0.11674768283839732, "17": 0.11432142049725894, "18": 0.12173242764399214, "19": 0.1652092774989805, "20": 0.23013590247363924, "21": 0.3431638245977338, "22": 0.4418489966388911, "23": 0.5662925701433372, "24": 0.6844041678099033, "25": 0.7642956435640987, "26": 0.8785426711895793, "27": 0.944012519899113, "28": 0.9743897214842808, "29": 0.9922109840435213, "30": 0.9989613870924797, "31": 0.9991808068993453, "32": 1, "33": 1, "34": 0.9999999999999998, "35": 1, "36": 1, "37": 1, "38": 1, "39": 1, "40": 1, "41": 1}}