{"clique_sizes": [2, 3, 4, 5, 6, 7, 8, 9, 10, 11, 12, 13, 14, 15, 16, 17, 18, 19, 20, 21, 22, 23, 24, 25, 26, 27, 28, 29, 30, 31, 32, 33, 34, 35, 36, 37, 38, 39, 40, 41, 42, 43, 44, 45, 46, 47, 48, 49, 50, 51, 52, 53], "homophily_values": {"2": -0.19450172197265825, "3": -0.007898250806485096, "4": 0.03683382920569181, "5": 0.057095912482195255, "6": 0.060019004840049815, "7": 0.05732759695113555, "8": 0.05893578604745353, "9": 0.06371458629043128, "10": 0.07238067135648886, "11": 0.08587220956588934, "12": 0.11668587133335058, "13": 0.1507295798940932, "14": 0.19363986206631012, "15": 0.2650838433510797, "16": 0.36626791648178914, "17": 0.47813455700046337, "18": 0.5787046697031994, "19": 0.650771410110661, "20": 0.6918105993672392, "21": 0.7372056080844192, "22": 0.7735132635311478, "23": 0.8436584990177692, "24": 0.9115397003417164, "25": 0.954026366631577, "26": 0.9751268369757917, "27": 0.9854681663676138, "28": 0.9908648013911835, "29": 0.9932934071045706, "30": 0.9941767793313274, "31": 0.9950381763678388, "32": 0.9961686031574878, "33": 0.9968771796799283, "34": 0.9974472807991074, "35": 0.9979514876381569, "36": 0.9982356343193951, "37": 0.9983623226335482, "38": 0.9982712679777355, "39": 0.9984927844783273, "40": 0.9986571137480241, "41": 0.9986448669612953, "42": 0.999003039555789, "43": 0.9996731013719795, "44": 0.9999461062764843, "45": 0.9999895583092199, "46": 1, "47": 1, "48": 1, "49": 1, "50": 1, "51": 1, "52": 1, "53": 1}}