{"clique_sizes": [2, 3, 4, 5, 6, 7, 8, 9, 10, 11, 12, 13, 14, 15, 16, 17, 18, 19, 20, 21, 22, 23, 24, 25, 26, 27, 28, 29, 30, 31, 32, 33, 34, 35, 36, 37, 38, 39, 40, 41, 42, 43, 44, 45, 46, 47, 48, 49], "homophily_values": {"2": -0.1116090184719345, "3": 0.03390638212571606, "4": 0.0817585706221785, "5": 0.11125468695937529, "6": 0.12172026253428557, "7": 0.11479375468910855, "8": 0.10256190380268132, "9": 0.09186644589811643, "10": 0.08569271128824124, "11": 0.08065139023961629, "12": 0.08287087544841296, "13": 0.10224048045276513, "14": 0.13027650148633602, "15": 0.1787443232181719, "16": 0.23598231565993133, "17": 0.2991928772201592, "18": 0.3687841576253105, "19": 0.43473396943060105, "20": 0.5129746339686334, "21": 0.6119938836946981, "22": 0.7027928545813913, "23": 0.7969383984077163, "24": 0.8723477549374102, "25": 0.9072160509393132, "26": 0.9323108644524594, "27": 0.949479576358172, "28": 0.9607759024376261, "29": 0.9657547009641501, "30": 0.9631956196381294, "31": 0.9634053360181414, "32": 0.9594617006945224, "33": 0.9647137280516154, "34": 0.9699572479124957, "35": 0.9787298075776839, "36": 0.9860426246321934, "37": 0.9924516949124943, "38": 0.996507408637274, "39": 0.9988104446945071, "40": 0.9998009919009248, "41": 1, "42": 1, "43": 1, "44": 1, "45": 1, "46": 1, "47": 1, "48": 1, "49": 1}}