{"clique_sizes": [2, 3, 4, 5, 6, 7, 8, 9, 10, 11, 12, 13, 14, 15, 16, 17, 18, 19, 20, 21, 22, 23, 24, 25, 26, 27, 28, 29, 30, 31, 32, 33, 34, 35, 36, 37, 38, 39, 40, 41, 42, 43, 44, 45, 46, 47, 48, 49, 50, 51, 52, 53, 54], "homophily_values": {"2": -0.10190993874628954, "3": 0.015087973097585944, "4": 0.07022404753009664, "5": 0.08597819337810704, "6": 0.06538466967506472, "7": 0.044317837535727024, "8": 0.038209003611395474, "9": 0.042466175114681926, "10": 0.04934249854155453, "11": 0.05859356935353922, "12": 0.06795287681221265, "13": 0.08555160294313097, "14": 0.11572498714747291, "15": 0.17460469634580003, "16": 0.29424852816398483, "17": 0.506024397856657, "18": 0.6597297591922526, "19": 0.7536559931482325, "20": 0.8188420856883953, "21": 0.8791744207741079, "22": 0.9107330018110078, "23": 0.9442477313446684, "24": 0.9577739239280035, "25": 0.9692416621981197, "26": 0.9762484003722176, "27": 0.9755352947927829, "28": 0.9896017273344112, "29": 0.9971195635162277, "30": 0.9994930837396406, "31": 0.9994028383073593, "32": 0.9999166963480245, "33": 0.9998385303115631, "34": 0.999720902457929, "35": 0.9998635054387501, "36": 0.9998809299686392, "37": 1, "38": 1, "39": 1, "40": 1, "41": 1, "42": 1, "43": 1, "44": 1, "45": 1, "46": 1, "47": 1, "48": 1, "49": 1, "50": 1, "51": 1, "52": 1, "53": 1, "54": 1}}