{"clique_sizes": [2, 3, 4, 5, 6, 7, 8, 9, 10, 11, 12, 13, 14, 15, 16, 17, 18, 19, 20, 21, 22, 23, 24, 25, 26, 27, 28, 29, 30, 31, 32, 33, 34], "homophily_values": {"2": -0.21338128371173753, "3": -0.07526595334176817, "4": -0.003422422156332164, "5": 0.04710932481609006, "6": 0.07478104973747873, "7": 0.08961514917502741, "8": 0.08558807495196578, "9": 0.08030941179698053, "10": 0.07836050325616042, "11": 0.0899903765792227, "12": 0.11164365517097219, "13": 0.12555010786939366, "14": 0.1581098849406849, "15": 0.18597478329865408, "16": 0.19315006491074477, "17": 0.23523345105793694, "18": 0.29602926617055536, "19": 0.5310047812886722, "20": 0.7457691513393767, "21": 0.8969988756155061, "22": 0.9324732644714543, "23": 0.8833329153453569, "24": 0.8479860101973438, "25": 0.9135979903302082, "26": 0.9503644121022857, "27": 0.9814338474765032, "28": 0.9926935605733399, "29": 0.998135708591452, "30": 1, "31": 1, "32": 1, "33": 1, "34": 0.9999999999999998}}