{"clique_sizes": [2, 3, 4, 5, 6, 7, 8, 9, 10, 11, 12, 13, 14, 15, 16, 17, 18, 19, 20, 21, 22, 23, 24, 25, 26, 27, 28, 29, 30, 31, 32, 33, 34, 35, 36, 37, 38, 39, 40, 41, 42, 43, 44, 45], "homophily_values": {"2": -0.04384089439784655, "3": -0.0062606590988995015, "4": 0.02737225223727774, "5": 0.059434064472332744, "6": 0.07285202871188941, "7": 0.06034148942884296, "8": 0.036339364421115974, "9": 0.02566520633421803, "10": 0.023455593218008775, "11": 0.029489895948416032, "12": 0.03950963637162257, "13": 0.0494878628423206, "14": 0.058695311260989355, "15": 0.06823551394677628, "16": 0.07843465557419113, "17": 0.09816251361580858, "18": 0.12764032970392453, "19": 0.17656985345346438, "20": 0.2616908002310654, "21": 0.474949150714999, "22": 0.7314397732340996, "23": 0.8806614972115716, "24": 0.9243069468977175, "25": 0.9485689913189631, "26": 0.9643100510790005, "27": 0.9846065119007581, "28": 0.9829087981392239, "29": 0.984656879560895, "30": 0.9794829994000003, "31": 0.9749444878792866, "32": 0.9747435556228505, "33": 0.9783755711890979, "34": 0.9636795493290995, "35": 0.9611066540863178, "36": 0.9706382110676435, "37": 0.9832090683631628, "38": 0.9921146815882596, "39": 1, "40": 1, "41": 1, "42": 1, "43": 1, "44": 1, "45": 1}}