{"clique_sizes": [2, 3, 4, 5, 6, 7, 8, 9, 10, 11, 12, 13, 14, 15, 16, 17, 18, 19, 20, 21, 22, 23, 24, 25, 26, 27, 28, 29, 30, 31, 32, 33, 34, 35, 36, 37, 38, 39, 40, 41], "homophily_values": {"2": -0.05897101393465126, "3": 0.018086967399844237, "4": 0.04046358000880462, "5": 0.06692700154753858, "6": 0.08533936201311368, "7": 0.09920415183827475, "8": 0.11469285281570238, "9": 0.12148272014156203, "10": 0.11701599081422273, "11": 0.1220484356103224, "12": 0.12677863022451924, "13": 0.1249841177584808, "14": 0.12559195135315107, "15": 0.13601081322199365, "16": 0.1633923746780238, "17": 0.23237122276719646, "18": 0.3494138018503506, "19": 0.4612710008892562, "20": 0.6031612101623454, "21": 0.7381640192860062, "22": 0.8547406481071013, "23": 0.9203927462119945, "24": 0.9639472683560346, "25": 0.9739838745219953, "26": 0.9672929788172977, "27": 0.976754683273026, "28": 0.9771822215205669, "29": 0.9829154783881208, "30": 0.9657911111414212, "31": 0.9588036720599119, "32": 0.9878081102707862, "33": 0.9959180133972604, "34": 0.9926048103356095, "35": 0.9955799838792241, "36": 1, "37": 1, "38": 1, "39": 1, "40": 1, "41": 1}}