{"clique_sizes": [2, 3, 4, 5, 6, 7, 8, 9, 10, 11, 12, 13, 14, 15, 16, 17, 18, 19, 20, 21, 22, 23, 24, 25, 26, 27, 28, 29, 30, 31, 32, 33, 34, 35, 36, 37, 38, 39, 40, 41, 42, 43, 44, 45, 46, 47, 48, 49, 50, 51, 52, 53, 54, 55, 56, 57, 58, 59, 60], "homophily_values": {"2": -0.091235393483654, "3": -0.007941617238198084, "4": 0.02075697102523298, "5": 0.04129211538871744, "6": 0.06607468458851798, "7": 0.09304115442769811, "8": 0.11090276465092248, "9": 0.12401439432566883, "10": 0.13939948104027605, "11": 0.1588961875931461, "12": 0.17542751935823675, "13": 0.2018276107808464, "14": 0.24087952341493596, "15": 0.291044641372473, "16": 0.36131788645151897, "17": 0.4477952184566598, "18": 0.5509113775742441, "19": 0.6612760125518597, "20": 0.7574251756598, "21": 0.8236525459818775, "22": 0.8750266652550556, "23": 0.9116447539258142, "24": 0.9304528206586707, "25": 0.9455227669512423, "26": 0.9589526704238788, "27": 0.9682943774223496, "28": 0.9726801388370583, "29": 0.9775477009403396, "30": 0.9818009369741091, "31": 0.9845049147502666, "32": 0.9858980645994417, "33": 0.9872138582428234, "34": 0.9866075396200608, "35": 0.9871964307973029, "36": 0.9884075471117992, "37": 0.9912579151281871, "38": 0.9946691069086239, "39": 0.9971783486126535, "40": 0.9993982880099422, "41": 1, "42": 1, "43": 1, "44": 1, "45": 1, "46": 1, "47": 1, "48": 1, "49": 1, "50": 1, "51": 1, "52": 1, "53": 1, "54": 1, "55": 1, "56": 1, "57": 1, "58": 1, "59": 0.9999999999999998, "60": 1}}