{"clique_sizes": [2, 3, 4, 5, 6, 7, 8, 9, 10, 11, 12, 13, 14, 15, 16, 17, 18, 19, 20, 21, 22, 23, 24, 25, 26, 27, 28, 29, 30, 31, 32, 33, 34, 35, 36, 37, 38, 39, 40, 41, 42], "homophily_values": {"2": -0.38729391004865565, "3": -0.14654566439553315, "4": -0.06600225861073916, "5": -0.031030147362741248, "6": 0.00042941123460672054, "7": 0.022023681655483525, "8": 0.04567676213284773, "9": 0.06500421699417722, "10": 0.08167555482031114, "11": 0.1158509204506942, "12": 0.13362469756394543, "13": 0.17895104140986293, "14": 0.21538345071468296, "15": 0.2523029744293763, "16": 0.3136186595316303, "17": 0.3779698889699006, "18": 0.4306553481925691, "19": 0.5084820394425463, "20": 0.656264072889815, "21": 0.7867241698082054, "22": 0.8427033729666439, "23": 0.8749484801229199, "24": 0.9176127893286169, "25": 0.938059235085311, "26": 0.9526185344735305, "27": 0.9714386197364558, "28": 0.9751214050954666, "29": 0.9765821569428041, "30": 0.9785635053218065, "31": 0.9748423720928391, "32": 0.957055251689392, "33": 0.9675731069168929, "34": 0.978893825839728, "35": 0.9797695541623189, "36": 1, "37": 1, "38": 1, "39": 1, "40": 1, "41": 1, "42": 1}}