{"clique_sizes": [2, 3, 4, 5, 6, 7, 8, 9, 10, 11, 12, 13, 14, 15, 16, 17, 18, 19, 20, 21, 22, 23, 24, 25, 26, 27, 28], "homophily_values": {"2": -0.14394355090763233, "3": -0.09392370969253783, "4": -0.034920939745146234, "5": -0.003863854228207536, "6": 0.03608575746362096, "7": 0.06639547466080266, "8": 0.08029492306173373, "9": 0.06101466934937348, "10": 0.09067254675898076, "11": 0.08929487601513053, "12": 0.11720232405901987, "13": 0.13272513745032405, "14": 0.1558207776174594, "15": 0.1517780296007595, "16": 0.15168774048636136, "17": 0.03707528068222504, "18": 0.3087694900652971, "19": 0.6693483769547569, "20": 0.9503102384662994, "21": 1, "22": 1, "23": 0.9999999999999998, "24": 1, "25": 1, "26": 1, "27": 1, "28": 1}}