{"clique_sizes": [2, 3, 4, 5, 6, 7, 8, 9, 10, 11, 12, 13, 14, 15, 16, 17, 18, 19, 20, 21, 22, 23, 24, 25, 26, 27, 28, 29, 30, 31, 32, 33, 34, 35, 36, 37, 38, 39, 40, 41], "homophily_values": {"2": -0.040984002678675246, "3": 0.024733479356759097, "4": 0.0503119051044243, "5": 0.07890679507115869, "6": 0.09641896557703794, "7": 0.09641353115223111, "8": 0.08189963452014912, "9": 0.06868381730698489, "10": 0.0604565745127732, "11": 0.05707549667383813, "12": 0.05886901361389297, "13": 0.05803022833323249, "14": 0.0567623658964093, "15": 0.057468148685631194, "16": 0.06152489997662308, "17": 0.06691457288690605, "18": 0.08130489095579897, "19": 0.11110626355586005, "20": 0.1366463605999428, "21": 0.19088532566130856, "22": 0.2604753709680561, "23": 0.34065617192563313, "24": 0.404609445606711, "25": 0.46068691623293284, "26": 0.5038196162786499, "27": 0.5390577931229086, "28": 0.5379336764776499, "29": 0.47601927116076, "30": 0.4283332499184021, "31": 0.4810085531812204, "32": 0.553154678337981, "33": 0.6528698403891323, "34": 0.7038780466334295, "35": 0.7761902838157712, "36": 0.7973640546708607, "37": 0.779691957110156, "38": 0.9190897921519696, "39": 1, "40": 1, "41": 1}}