{"clique_sizes": [2, 3, 4, 5, 6, 7, 8, 9, 10, 11, 12, 13, 14, 15, 16, 17, 18, 19, 20, 21, 22, 23, 24, 25, 26, 27, 28, 29, 30, 31, 32, 33, 34, 35, 36, 37, 38, 39, 40, 41, 42], "homophily_values": {"2": -0.055919881015455974, "3": 0.029809915159324574, "4": 0.07160498995804787, "5": 0.10601205299108192, "6": 0.12761298757512224, "7": 0.14693068896884676, "8": 0.15622452290585118, "9": 0.15102807671728563, "10": 0.14815764498975367, "11": 0.14676139691423354, "12": 0.1456684441572766, "13": 0.1545134560090411, "14": 0.1805898906279937, "15": 0.250269213464456, "16": 0.3607987244689275, "17": 0.48532677828888104, "18": 0.6483691414641535, "19": 0.7478496612227471, "20": 0.8173435403856819, "21": 0.8608294791107162, "22": 0.8991486557935824, "23": 0.9048790084366869, "24": 0.9153471127214944, "25": 0.9193614034680957, "26": 0.9170033664596018, "27": 0.9088300776579848, "28": 0.8852538123403153, "29": 0.8558445201371029, "30": 0.8619827235428302, "31": 0.8642315371959924, "32": 0.8874406019757787, "33": 0.9185083585625581, "34": 0.9545954193373424, "35": 0.9859083440673936, "36": 0.9971824838542779, "37": 0.9997533100313203, "38": 1, "39": 1, "40": 1, "41": 1, "42": 1}}