{"clique_sizes": [2, 3, 4, 5, 6, 7, 8, 9, 10, 11, 12, 13, 14, 15, 16, 17, 18, 19, 20, 21], "homophily_values": {"2": -0.05661494370584269, "3": 0.006477271314196481, "4": -0.021242744048337883, "5": -0.02378646773810604, "6": -0.00771600111255475, "7": 0.014423759135202621, "8": 0.02964733464909785, "9": 0.044851190408632106, "10": 0.055737330405265115, "11": 0.05726441335404548, "12": 0.04873786185502478, "13": 0.05287270435825999, "14": 0.028202107519420073, "15": 0.05319030297853377, "16": 0.09280286036357527, "17": 0.13572235896228776, "18": 0.12516463097829394, "19": 0.12612632178373448, "20": 0.21638614701240794, "21": 0.8004800106299934}}