{"clique_sizes": [2, 3, 4, 5, 6, 7, 8, 9, 10, 11, 12, 13, 14, 15, 16, 17, 18, 19, 20, 21, 22, 23, 24, 25, 26, 27, 28, 29, 30, 31, 32, 33, 34, 35, 36], "homophily_values": {"2": -0.12254149488085037, "3": -0.016561159597381775, "4": 0.02828226041217695, "5": 0.0577448781957679, "6": 0.08325206704928623, "7": 0.09753130145941522, "8": 0.12121413975429951, "9": 0.14858684365617675, "10": 0.16166614797431747, "11": 0.16549444897312474, "12": 0.17786357744361328, "13": 0.16310874636857703, "14": 0.18013892075801333, "15": 0.2171230216645144, "16": 0.2902736166290794, "17": 0.5328158346933599, "18": 0.7062860991335527, "19": 0.8941225491321521, "20": 0.9587743817950095, "21": 0.9566659107165685, "22": 0.9621289771349417, "23": 0.9631939224766412, "24": 0.9885396080241251, "25": 0.9854427806142502, "26": 0.9859390238536423, "27": 1, "28": 1, "29": 1, "30": 1, "31": 1, "32": 1, "33": 1, "34": 0.9999999999999998, "35": 1, "36": 1}}