{"clique_sizes": [2, 3, 4, 5, 6, 7, 8, 9, 10, 11, 12, 13, 14, 15, 16, 17, 18, 19, 20, 21, 22, 23, 24, 25, 26, 27, 28, 29, 30, 31, 32, 33, 34, 35], "homophily_values": {"2": -0.1067615539306199, "3": 0.023312344371085564, "4": 0.0788011100579466, "5": 0.10802999979946451, "6": 0.13017032806116852, "7": 0.15211264644797917, "8": 0.16965666353895015, "9": 0.1947359460032416, "10": 0.21037622145203888, "11": 0.23554165967153792, "12": 0.271320652502646, "13": 0.27974672497411107, "14": 0.31951683521050106, "15": 0.39506827741912975, "16": 0.4787498302592046, "17": 0.577568233288601, "18": 0.667912441551502, "19": 0.7556768699548206, "20": 0.8274914979075021, "21": 0.8848994347643493, "22": 0.945575255352285, "23": 0.9743394621180984, "24": 0.9921959819345711, "25": 0.9885134258206862, "26": 0.9919269277994044, "27": 0.9969397235921312, "28": 0.99683911213145, "29": 0.9933848807413936, "30": 0.9926528250432204, "31": 0.9955858069433882, "32": 1, "33": 1, "34": 0.9999999999999998, "35": 1}}