{"clique_sizes": [2, 3, 4, 5, 6, 7, 8, 9, 10, 11, 12, 13, 14, 15, 16, 17, 18, 19, 20, 21, 22, 23, 24, 25, 26, 27, 28, 29, 30, 31, 32, 33, 34, 35, 36, 37, 38, 39, 40, 41, 42, 43, 44, 45, 46, 47, 48, 49, 50], "homophily_values": {"2": -0.1661127513324591, "3": -0.03161421900861554, "4": 0.039266131442469765, "5": 0.0863982383211244, "6": 0.10764229865017874, "7": 0.10332480207474817, "8": 0.08240163467483914, "9": 0.06496073448374318, "10": 0.044752253210702225, "11": 0.03590625523221009, "12": 0.03366494266102601, "13": 0.033087202052676006, "14": 0.03871621104384928, "15": 0.039340600425845175, "16": 0.04114844271156464, "17": 0.0551098508935768, "18": 0.09403025532861459, "19": 0.20522181266271186, "20": 0.46989493618250766, "21": 0.6954393331640807, "22": 0.7375649956389951, "23": 0.765101234848869, "24": 0.8073464818177292, "25": 0.8340291873519373, "26": 0.8603872151033921, "27": 0.8757154579717407, "28": 0.9044670759612429, "29": 0.9381812475972187, "30": 0.9465414485867633, "31": 0.9749463821494948, "32": 0.9774454077588376, "33": 0.9666516491515936, "34": 0.9295497625822172, "35": 0.8892738149003385, "36": 0.844615620580516, "37": 0.8468291667761674, "38": 0.837854090584124, "39": 0.8456478551976591, "40": 0.8515790970150916, "41": 0.8560460585798537, "42": 0.8598387852377962, "43": 0.8646049950445214, "44": 0.8698391814944706, "45": 0.8738317321295943, "46": 0.877047680339115, "47": 0.8816773644784337, "48": 0.8848726790445584, "49": 0.8905081964261518, "50": 0.8926749815916135}}