{"clique_sizes": [2, 3, 4, 5, 6, 7, 8, 9, 10, 11, 12, 13, 14, 15, 16, 17, 18, 19, 20, 21, 22, 23, 24, 25, 26, 27, 28, 29, 30, 31, 32, 33, 34, 35, 36, 37, 38, 39, 40, 41], "homophily_values": {"2": -0.08263519265594368, "3": 0.027512317086246213, "4": 0.05852817841157075, "5": 0.07915453277225609, "6": 0.09233555154140788, "7": 0.11222738822866693, "8": 0.13232109392650113, "9": 0.15752802223564843, "10": 0.1900674659431384, "11": 0.23184891421296178, "12": 0.2591593935344031, "13": 0.2788234284537634, "14": 0.31756242885750463, "15": 0.3683022568749531, "16": 0.41119603648311986, "17": 0.438042476095861, "18": 0.46729187644477893, "19": 0.5034028876833262, "20": 0.5478141401643141, "21": 0.6353456472237519, "22": 0.7306248455997504, "23": 0.8122062399642487, "24": 0.870743577364807, "25": 0.8973288440282282, "26": 0.9110419927849616, "27": 0.9275756743653125, "28": 0.9386922801930888, "29": 0.9529540925082552, "30": 0.9645126913857542, "31": 0.9648456007875426, "32": 0.9660370991168953, "33": 0.9650333913563046, "34": 0.9538505268844059, "35": 0.9510005502276409, "36": 0.9454354642777016, "37": 0.9390503268243149, "38": 0.9446310959453079, "39": 0.9479308699975174, "40": 0.9661845495051115, "41": 1}}