{"clique_sizes": [2, 3, 4, 5, 6, 7, 8, 9, 10, 11, 12, 13, 14, 15, 16, 17, 18, 19, 20, 21, 22, 23, 24, 25, 26, 27, 28, 29, 30, 31, 32, 33, 34, 35, 36, 37, 38, 39, 40], "homophily_values": {"2": -0.02100442507153416, "3": 0.028583065139043504, "4": 0.05126888631316028, "5": 0.06652192575588159, "6": 0.08619232822522024, "7": 0.09950919164704473, "8": 0.10921477001096339, "9": 0.12740232261409004, "10": 0.15758791535087865, "11": 0.20104398982354155, "12": 0.2508600544288868, "13": 0.27924312212028846, "14": 0.31475337975688583, "15": 0.3452125776844004, "16": 0.3442745759502366, "17": 0.32558452382700326, "18": 0.3005652800082665, "19": 0.2560943664636095, "20": 0.21029179072635734, "21": 0.16695479671133845, "22": 0.13337886089755702, "23": 0.11520626712844712, "24": 0.10873367674743363, "25": 0.0925009517516035, "26": 0.08163965809782683, "27": 0.10092159931766981, "28": 0.11119209023721785, "29": 0.11949717149550394, "30": 0.14655982964717681, "31": 0.19968294092906352, "32": 0.20606097126926387, "33": 0.18049877908520576, "34": 0.14065790299405467, "35": 0.20132753633062994, "36": 0.16773299281444648, "37": 0.14988375939996257, "38": 0.2880954592814774, "39": 0.5313641310219406, "40": 1}}