{"clique_sizes": [2, 3, 4, 5, 6, 7, 8, 9, 10, 11, 12, 13, 14, 15, 16, 17, 18, 19, 20, 21, 22, 23, 24], "homophily_values": {"2": -0.3342010446647501, "3": 0.5205389756401022, "4": 0.8138318072720314, "5": 0.9076579289601985, "6": 0.9344038447428277, "7": 0.9291345538152717, "8": 0.9238397676747079, "9": 0.9006152598915516, "10": 0.8402763885550937, "11": 0.8187252261620044, "12": 0.9695170807922552, "13": 0.9940409344563447, "14": 1, "15": 1, "16": 1, "17": 1, "18": 1, "19": 1, "20": 1, "21": 1, "22": 1, "23": 0.9999999999999958, "24": 1}}