{"clique_sizes": [2, 3, 4, 5, 6, 7, 8, 9, 10, 11, 12, 13, 14, 15, 16, 17, 18, 19, 20, 21, 22, 23, 24, 25, 26, 27, 28, 29, 30], "homophily_values": {"2": -0.06869502385277171, "3": 0.025617379775271315, "4": 0.058728484136613426, "5": 0.05320744364131932, "6": 0.044937370475127365, "7": 0.05253622708915409, "8": 0.0648414361441167, "9": 0.07239820794100946, "10": 0.08444145380232454, "11": 0.10003888462282755, "12": 0.11533934564624143, "13": 0.13461171380257175, "14": 0.18053196416317252, "15": 0.20252714362380536, "16": 0.24043399848456115, "17": 0.21374818753990665, "18": 0.09552129570755082, "19": 0.003919457718955717, "20": -0.018467829917475895, "21": -0.01820900597295041, "22": -0.01025184766163047, "23": 0.00889461765614426, "24": 0.03395433112494339, "25": -0.013603058928575983, "26": -0.012811627756199267, "27": -0.033319412636655416, "28": -0.028419774498071624, "29": -0.011588443081931663, "30": -0.007963859083918246}}