{"clique_sizes": [2, 3, 4, 5, 6, 7, 8, 9, 10, 11, 12, 13, 14, 15, 16, 17, 18, 19, 20, 21, 22, 23, 24], "homophily_values": {"2": 0.016000159805024117, "3": 0.05996259521241781, "4": 0.048324012610089076, "5": 0.05221749496766585, "6": 0.056205001928258724, "7": 0.06200955694345844, "8": 0.07396998844178775, "9": 0.0759471495504536, "10": 0.08124586225407851, "11": 0.09176108572768232, "12": 0.10056082517945016, "13": 0.10823279044412576, "14": 0.12880521461425415, "15": 0.17404122126277582, "16": 0.1754178887451856, "17": 0.14003740697746142, "18": 0.09514804756406815, "19": 0.08899147093557858, "20": 0.08222385695064845, "21": 0.047666161667679986, "22": -0.023151347501923176, "23": -0.023966869627520284, "24": -0.02744508695219959}}