{"clique_sizes": [2, 3, 4, 5, 6, 7, 8, 9, 10, 11, 12, 13, 14, 15, 16, 17, 18, 19, 20, 21, 22, 23, 24, 25, 26, 27, 28, 29, 30, 31, 32, 33, 34, 35, 36, 37], "homophily_values": {"2": -0.009772718233403532, "3": 0.03320664548236568, "4": 0.035977211259061684, "5": 0.03860077679689953, "6": 0.055590347644642435, "7": 0.08287476577322862, "8": 0.09747163581412754, "9": 0.12266240222232339, "10": 0.1392326918863184, "11": 0.1628442073634671, "12": 0.17635968620411374, "13": 0.19494608608740505, "14": 0.21482832078316635, "15": 0.2284747499420659, "16": 0.25190459986141583, "17": 0.30839086539594573, "18": 0.341681804084201, "19": 0.28308670593429935, "20": 0.2097556604055127, "21": 0.15857887500006376, "22": 0.14397267775425548, "23": 0.1293249542414742, "24": 0.1126824864921239, "25": 0.08402574614392924, "26": 0.08257045066681501, "27": 0.07503734866500797, "28": 0.07757462319250688, "29": 0.06563019652810745, "30": 0.10755145391762624, "31": 0.1410210914399867, "32": 0.22681668164111393, "33": 0.42801285190998106, "34": 0.6823582752098699, "35": 1, "36": 1, "37": 1}}