{"clique_sizes": [2, 3, 4, 5, 6, 7, 8, 9, 10, 11, 12, 13, 14, 15, 16, 17, 18, 19, 20, 21, 22, 23, 24, 25, 26, 27, 28, 29, 30, 31, 32, 33, 34, 35, 36], "homophily_values": {"2": -0.11321766548386164, "3": -0.0020282598864658774, "4": 0.050228105779607804, "5": 0.08610829991522392, "6": 0.11094855715767028, "7": 0.12824686874494276, "8": 0.14755392243709603, "9": 0.16317481463799793, "10": 0.18468234639915396, "11": 0.21275236156675983, "12": 0.23446949740255763, "13": 0.2612095639824086, "14": 0.2634175879609282, "15": 0.27807484992537657, "16": 0.29469379385062194, "17": 0.322551378639367, "18": 0.3705165851043669, "19": 0.4632135289719883, "20": 0.5874392571441207, "21": 0.6438260972435206, "22": 0.702165703212428, "23": 0.7353007678885076, "24": 0.741743154792337, "25": 0.7793006314210459, "26": 0.8320528186502519, "27": 0.9058711185028032, "28": 0.9766843363967678, "29": 0.9959508740115032, "30": 0.999795691727411, "31": 1, "32": 1, "33": 1, "34": 0.9999999999999998, "35": 1, "36": 1}}