{"clique_sizes": [2, 3, 4, 5, 6, 7, 8, 9, 10, 11, 12, 13, 14, 15, 16, 17, 18, 19, 20, 21, 22, 23, 24, 25, 26, 27, 28, 29, 30], "homophily_values": {"2": -0.06960378677343382, "3": 0.008276449808335112, "4": 0.01856991774025797, "5": 0.036182458374196834, "6": 0.04662531856433862, "7": 0.05413937850228835, "8": 0.0584018242667086, "9": 0.07314685044067801, "10": 0.08700091256603346, "11": 0.10158691581892944, "12": 0.1076235448793841, "13": 0.13526477444635893, "14": 0.15663699786915458, "15": 0.1858104497765088, "16": 0.2198653890580742, "17": 0.2124752372676939, "18": 0.2138155898523504, "19": 0.2300256466433709, "20": 0.242584271165684, "21": 0.31106255562783136, "22": 0.3592307991240231, "23": 0.41434000185884995, "24": 0.22924548915724344, "25": 0.019557884288178454, "26": -0.0025566099593217354, "27": 0.019507796637151534, "28": 0.0495560909612094, "29": 0.047957887173492655, "30": 0.10424834461683227}}