{"clique_sizes": [2, 3, 4, 5, 6, 7, 8, 9, 10, 11, 12, 13, 14, 15, 16, 17, 18, 19, 20, 21, 22, 23, 24, 25, 26, 27, 28, 29, 30, 31, 32, 33, 34, 35, 36, 37, 38], "homophily_values": {"2": 0.1916520367718858, "3": 0.4833890487464081, "4": 0.5811606580738455, "5": 0.6385322728683943, "6": 0.6540569412557579, "7": 0.6363795825309839, "8": 0.5941713470227221, "9": 0.526722795796961, "10": 0.4542508669690842, "11": 0.3936073904330363, "12": 0.34917636406509256, "13": 0.3265555258038368, "14": 0.3167349516573516, "15": 0.34023691229899694, "16": 0.3497711947960141, "17": 0.3741512175492841, "18": 0.40222478464159217, "19": 0.40709682623370025, "20": 0.4683684180904845, "21": 0.4864929688458744, "22": 0.44485590411487697, "23": 0.4005009554884945, "24": 0.34782383022777796, "25": 0.27072210466637736, "26": 0.1682321479382378, "27": 0.18872203943833823, "28": 0.19236327807143488, "29": 0.1292453881463751, "30": 0.15772067157479314, "31": 0.14812742469238863, "32": 0.15454889551992324, "33": 0.20419933347900865, "34": 0.1883209457523066, "35": 0.1999620812848681, "36": 0.15019111426629794, "37": 0.13290074216057127, "38": 0.12169527712740194}}