{"clique_sizes": [2, 3, 4, 5, 6, 7, 8, 9, 10, 11, 12, 13, 14, 15, 16, 17, 18, 19, 20, 21], "homophily_values": {"2": 0.09429084321724275, "3": 0.250635312310233, "4": 0.38195718688702923, "5": 0.5094662512339041, "6": 0.6204471684642789, "7": 0.7160343919353461, "8": 0.7763067364777247, "9": 0.8208179542891095, "10": 0.8352477066222659, "11": 0.8560270367982599, "12": 0.8500251250854194, "13": 0.8314384902077389, "14": 0.8164385676144553, "15": 0.794435319833315, "16": 0.7843683436867659, "17": 0.8028353819944573, "18": 0.8997297964322974, "19": 0.9832767656821232, "20": 0.9980473931943323, "21": 0.993442373133848}}