{"clique_sizes": [2, 3, 4, 5, 6, 7, 8, 9, 10, 11, 12, 13, 14, 15, 16, 17, 18, 19, 20, 21, 22, 23, 24, 25, 26, 27, 28, 29, 30, 31, 32, 33, 34, 35, 36, 37, 38, 39, 40, 41, 42, 43, 44, 45, 46, 47, 48, 49], "homophily_values": {"2": 0.2469739086393157, "3": 0.3637380572295362, "4": 0.413452831327839, "5": 0.40790071495246405, "6": 0.388097921033255, "7": 0.3670058336064714, "8": 0.3575600877020641, "9": 0.35778265409723575, "10": 0.36628219242482685, "11": 0.3757577872233085, "12": 0.3734705339863789, "13": 0.37637367561250434, "14": 0.3674309101822845, "15": 0.355805548376183, "16": 0.34526383422408397, "17": 0.32553760631806505, "18": 0.28574734543837077, "19": 0.2498900734321283, "20": 0.21832115980473948, "21": 0.21020931450951397, "22": 0.21188015472754007, "23": 0.21480267645846407, "24": 0.2145886867683517, "25": 0.20719002886434712, "26": 0.19915505467850128, "27": 0.1905967285471417, "28": 0.18720878975903305, "29": 0.19301511025465592, "30": 0.19874477247090316, "31": 0.2126819168548758, "32": 0.21646239143656126, "33": 0.18751715247654113, "34": 0.17522698258533856, "35": 0.1779007128381735, "36": 0.17809434334521454, "37": 0.18221202965217223, "38": 0.18769865474613437, "39": 0.1831734058129197, "40": 0.18229420049674094, "41": 0.17874833393136164, "42": 0.1815179679362263, "43": 0.20289322594928863, "44": 0.22199409891217847, "45": 0.2556920119942861, "46": 0.27243432672692075, "47": 0.35605797367474085, "48": 0.33137117957275153, "49": 0.2973390109746983}}