{"clique_sizes": [2, 3, 4, 5, 6, 7, 8, 9, 10, 11, 12, 13, 14, 15, 16, 17, 18, 19, 20, 21, 22, 23, 24, 25, 26, 27, 28, 29, 30, 31, 32, 33, 34, 35, 36, 37, 38, 39, 40, 41, 42, 43, 44, 45, 46, 47], "homophily_values": {"2": 0.23468321872662165, "3": 0.46350385778947795, "4": 0.586544314624048, "5": 0.651243382904737, "6": 0.6826261177912044, "7": 0.682557377807322, "8": 0.6633831005987275, "9": 0.6245664798852406, "10": 0.5983016278087624, "11": 0.5698199771341693, "12": 0.5442464216054067, "13": 0.521801690195531, "14": 0.5103305266879967, "15": 0.497703494407597, "16": 0.47229601905713764, "17": 0.4447849297164284, "18": 0.41361965671618106, "19": 0.36242994285924335, "20": 0.34179591527784436, "21": 0.3236578261323471, "22": 0.30304669376248816, "23": 0.27924267596654856, "24": 0.2688062968096711, "25": 0.26110922536949793, "26": 0.2538681342847021, "27": 0.23539413263445755, "28": 0.2239774031466479, "29": 0.21868778847613146, "30": 0.21108709533285017, "31": 0.21199035713486825, "32": 0.21579022269192455, "33": 0.22186660566464317, "34": 0.23106236389857296, "35": 0.24103528542177177, "36": 0.2482609466150957, "37": 0.24835410854105694, "38": 0.24914282463153192, "39": 0.2554455316290778, "40": 0.25749749437648584, "41": 0.2661616541852818, "42": 0.2704553634647084, "43": 0.2784582982709297, "44": 0.2996388211412925, "45": 0.3302235468325403, "46": 0.32257918938672325, "47": 0.3216332944452323}}