{"clique_sizes": [2, 3, 4, 5, 6, 7, 8, 9, 10, 11, 12, 13, 14, 15, 16, 17, 18, 19, 20, 21, 22, 23, 24, 25, 26, 27, 28, 29], "homophily_values": {"2": 0.24712961781770573, "3": 0.7023577798041823, "4": 0.8431596760283466, "5": 0.8814261427492348, "6": 0.882238106299354, "7": 0.8622540427016243, "8": 0.8104143562651743, "9": 0.7369234061182495, "10": 0.6229411318621839, "11": 0.5172048796296449, "12": 0.46270582895376733, "13": 0.4464786060058049, "14": 0.4451249544762477, "15": 0.4675430917668836, "16": 0.5097342130036702, "17": 0.5600037085788568, "18": 0.5919830901799114, "19": 0.613969418305539, "20": 0.6077880972572578, "21": 0.6250632837043857, "22": 0.5899775621071088, "23": 0.5442908906650463, "24": 0.6545975008125035, "25": 0.6559334217684913, "26": 0.7270177863541486, "27": 0.7102872747111691, "28": 0.682462931955529, "29": 0.8825024876201686}}