{"clique_sizes": [2, 3, 4, 5, 6, 7, 8, 9, 10, 11, 12, 13, 14, 15, 16, 17, 18, 19, 20, 21, 22, 23, 24, 25, 26, 27, 28, 29, 30, 31, 32, 33, 34, 35, 36], "homophily_values": {"2": 0.3382977314694376, "3": 0.5077267351797967, "4": 0.5455377151123396, "5": 0.545566209260061, "6": 0.5335628072816683, "7": 0.5037477744041583, "8": 0.46438475915336325, "9": 0.42993212915309564, "10": 0.40210708967344144, "11": 0.3943125046864739, "12": 0.3726400625802697, "13": 0.3542964536067198, "14": 0.31564100676921625, "15": 0.27533693883643295, "16": 0.24574422361574028, "17": 0.20212917458104973, "18": 0.16307044876148283, "19": 0.1372928883429904, "20": 0.11074547027813877, "21": 0.09337624282045878, "22": 0.09080282025507505, "23": 0.08985346429697706, "24": 0.0894565033549653, "25": 0.09311709869101009, "26": 0.09831417667876241, "27": 0.1003648559852726, "28": 0.10877298323458856, "29": 0.11830998610861812, "30": 0.12759355959621335, "31": 0.1357415394758517, "32": 0.1485363031713812, "33": 0.15231519962282614, "34": 0.16068894390771352, "35": 0.20149463554226313, "36": 0.14635795032064536}}