{"clique_sizes": [2, 3, 4, 5, 6, 7, 8, 9, 10, 11, 12, 13, 14, 15, 16, 17, 18, 19, 20, 21, 22, 23, 24, 25, 26, 27, 28, 29, 30, 31, 32, 33], "homophily_values": {"2": 0.25405571303798846, "3": 0.45285067337635515, "4": 0.5286569446904028, "5": 0.5652708316430649, "6": 0.577062124405089, "7": 0.54240288958734, "8": 0.5003879375067548, "9": 0.45673001890486004, "10": 0.4353585350426456, "11": 0.43759213125879937, "12": 0.4392055023027427, "13": 0.4347433793722071, "14": 0.42831733883939216, "15": 0.4695955367730995, "16": 0.4788448882884446, "17": 0.5260042526792259, "18": 0.5112763101854947, "19": 0.4661150946520951, "20": 0.43514776798034277, "21": 0.33559051532050843, "22": 0.25016875090995105, "23": 0.143134236363466, "24": 0.13995061500531522, "25": 0.13257382988264071, "26": 0.19001233835724002, "27": 0.17266404342635325, "28": 0.15371805121562918, "29": 0.14250695572441238, "30": 0.16520340355246965, "31": 0.15225880456680624, "32": 0.15865433709171753, "33": 0.1608921534255707}}