{"clique_sizes": [2, 3, 4, 5, 6, 7, 8, 9, 10, 11, 12, 13, 14, 15, 16, 17, 18, 19, 20, 21, 22], "homophily_values": {"2": 0.027294490456774276, "3": 0.36835826436857483, "4": 0.5437901348116712, "5": 0.6390483038678159, "6": 0.7016291065992158, "7": 0.7462173928369261, "8": 0.7885577782321985, "9": 0.805486205722298, "10": 0.8195736937405343, "11": 0.8171981205774679, "12": 0.8093345229485107, "13": 0.8078411429052447, "14": 0.8525641219088638, "15": 0.9083685712141302, "16": 0.9129556966196287, "17": 0.943463955424162, "18": 0.9452818240017565, "19": 0.9528341266044387, "20": 0.9421483230221012, "21": 0.9399357040840197, "22": 0.9409796022750728}}