{"clique_sizes": [2, 3, 4, 5, 6, 7, 8, 9, 10, 11, 12, 13, 14, 15, 16, 17, 18, 19, 20, 21], "homophily_values": {"2": 0.04311489900303698, "3": 0.3961023981444152, "4": 0.6142035920041822, "5": 0.7328064973891008, "6": 0.780633800879262, "7": 0.796208159297132, "8": 0.8159216268695451, "9": 0.8325406026395437, "10": 0.8525974239401177, "11": 0.8551390414820529, "12": 0.8516608481698534, "13": 0.8509129422260113, "14": 0.8417111346641052, "15": 0.8488378750326645, "16": 0.8257853853673117, "17": 0.7988981541905971, "18": 0.8354207239921252, "19": 0.8638858102808774, "20": 0.8781734913890433, "21": 1}}