{"clique_sizes": [2, 3, 4, 5, 6, 7, 8, 9, 10, 11, 12, 13, 14, 15, 16, 17, 18, 19, 20, 21, 22, 23, 24, 25], "homophily_values": {"2": 0.13857114010624652, "3": 0.4954207939140433, "4": 0.6764854846592533, "5": 0.7489484705614317, "6": 0.7682501111331546, "7": 0.7559590425602338, "8": 0.733874907202902, "9": 0.715356179928271, "10": 0.6941341349377059, "11": 0.6833113795878437, "12": 0.6861467305768106, "13": 0.6561867076588025, "14": 0.6230230088730031, "15": 0.5467684221923326, "16": 0.45895193057627615, "17": 0.37671770895521045, "18": 0.356867194166259, "19": 0.2512911282931273, "20": 0.2849818633713623, "21": 0.32875677460817077, "22": 0.22227209205283022, "23": 0.2308690094128068, "24": 0.2805616630224413, "25": 0.3105234690478421}}