{"clique_sizes": [2, 3, 4, 5, 6, 7, 8, 9, 10, 11, 12, 13, 14, 15, 16, 17, 18, 19, 20, 21, 22, 23, 24, 25, 26, 27, 28, 29, 30, 31, 32, 33, 34, 35, 36], "homophily_values": {"2": 0.3699315041851667, "3": 0.6705034692282801, "4": 0.7713678329183554, "5": 0.8198449322180085, "6": 0.8337268645094587, "7": 0.8325692354185322, "8": 0.8099439035816731, "9": 0.7651254179412187, "10": 0.7049729585409046, "11": 0.644105554670951, "12": 0.5809443804438779, "13": 0.5112385733946522, "14": 0.49664482034167545, "15": 0.5079138638486924, "16": 0.5041992048694819, "17": 0.4658154694598353, "18": 0.46944118838418925, "19": 0.46398469512716545, "20": 0.4620486141647011, "21": 0.4247100823369714, "22": 0.4429210028963292, "23": 0.47313255126119885, "24": 0.46169156961692015, "25": 0.4543021886109407, "26": 0.42893586444584314, "27": 0.31828221367479154, "28": 0.23383404075787706, "29": 0.19797877052316307, "30": 0.1967645666709403, "31": 0.18612603453284818, "32": 0.14814995940376516, "33": 0.14652470038128976, "34": 0.14698992464146884, "35": 0.15320761212253903, "36": 0.1444056231485823}}