{"clique_sizes": [2, 3, 4, 5, 6, 7, 8, 9, 10, 11, 12, 13, 14, 15, 16, 17, 18, 19, 20, 21, 22, 23, 24, 25, 26, 27, 28, 29, 30], "homophily_values": {"2": 0.1498381020106177, "3": 0.4354672049170607, "4": 0.6103191818784138, "5": 0.7354596295547808, "6": 0.8041584237729018, "7": 0.8388066036143124, "8": 0.8613467138750367, "9": 0.876052159651872, "10": 0.8863458533446134, "11": 0.8908178064796977, "12": 0.8717729075043351, "13": 0.8347957267610705, "14": 0.7966936107083956, "15": 0.6653049871103505, "16": 0.5947556206269249, "17": 0.5806310852752995, "18": 0.6090239259904933, "19": 0.6373064007793249, "20": 0.5737865403158156, "21": 0.47715449919968983, "22": 0.46745072556695644, "23": 0.43736031015489896, "24": 0.46461980413783777, "25": 0.5467264644609924, "26": 0.2695380945159909, "27": 0.2996180316570234, "28": 0.3028290515271141, "29": 0.32256355166695794, "30": 0.3519249617293454}}