{"clique_sizes": [2, 3, 4, 5, 6, 7, 8, 9, 10, 11, 12, 13, 14, 15, 16, 17, 18, 19, 20, 21, 22, 23, 24, 25, 26, 27, 28, 29, 30, 31, 32, 33, 34, 35], "homophily_values": {"2": 0.25275418652829895, "3": 0.4307505955382564, "4": 0.5006909050404541, "5": 0.5514991451925806, "6": 0.5657015227132252, "7": 0.544271389229003, "8": 0.5489694996918691, "9": 0.5420877808934318, "10": 0.5506119437341283, "11": 0.5684270609019694, "12": 0.5701562938413273, "13": 0.5478534863384154, "14": 0.5187156437025834, "15": 0.49314770749785664, "16": 0.4945129542124794, "17": 0.48160146159316186, "18": 0.5075126042604562, "19": 0.44538037350039905, "20": 0.31111786989724527, "21": 0.17218520832043135, "22": 0.13593466744706562, "23": 0.12176773849547966, "24": 0.12091191892590299, "25": 0.1355368394948532, "26": 0.10382138798319548, "27": 0.10992658131237393, "28": 0.11054458927297306, "29": 0.10830318693879949, "30": 0.10004665706090365, "31": 0.09226590051901483, "32": 0.09928659406458101, "33": 0.08899462511660797, "34": 0.080625001015738, "35": 0.0759617624704272}}