{"clique_sizes": [2, 3, 4, 5, 6, 7, 8, 9, 10, 11, 12, 13, 14, 15, 16, 17, 18, 19], "homophily_values": {"2": 0.1604487044449126, "3": 0.26016552498976975, "4": 0.36276831888435107, "5": 0.43127733576894367, "6": 0.5103266532397489, "7": 0.5745625407356177, "8": 0.56892408542793, "9": 0.510758407903841, "10": 0.48402576627343563, "11": 0.4204215843966019, "12": 0.36174601008921187, "13": 0.35318749696408125, "14": 0.29812811393412403, "15": 0.2766760863643879, "16": 0.21630283069155629, "17": 0.2383350845125048, "18": 0.2436721988844692, "19": 0.039641394150613275}}