{"clique_sizes": [2, 3, 4, 5, 6, 7, 8, 9, 10, 11, 12, 13, 14, 15, 16, 17, 18, 19, 20, 21, 22, 23, 24, 25, 26, 27, 28, 29, 30, 31, 32, 33], "homophily_values": {"2": 0.26569044529272984, "3": 0.4521494001531957, "4": 0.5480849183706724, "5": 0.5902846788558844, "6": 0.6003646631830536, "7": 0.5888052594229906, "8": 0.5600635640006295, "9": 0.5380522067489301, "10": 0.49517254888033424, "11": 0.4368164602119901, "12": 0.3703974837410154, "13": 0.33718851233070446, "14": 0.3068242605742934, "15": 0.2785657078948264, "16": 0.26247436091456283, "17": 0.2290778998121608, "18": 0.20835526804232582, "19": 0.20015338206290617, "20": 0.1805534416504295, "21": 0.17562963380889562, "22": 0.18121418152739274, "23": 0.17915017104592956, "24": 0.16631297430183564, "25": 0.17014359879977048, "26": 0.1537717612122188, "27": 0.1646447101224109, "28": 0.194594062027198, "29": 0.19610842199108125, "30": 0.201550299284899, "31": 0.21486706887573467, "32": 0.2640699286448889, "33": 0.2718509864202155}}