{"clique_sizes": [2, 3, 4, 5, 6, 7, 8, 9, 10, 11, 12, 13, 14, 15, 16, 17, 18, 19, 20, 21, 22, 23, 24, 25, 26, 27], "homophily_values": {"2": 0.047706563621446235, "3": 0.45953687949507904, "4": 0.692420869984075, "5": 0.8113226471746912, "6": 0.8596521487866322, "7": 0.8741503857222401, "8": 0.8675238839608757, "9": 0.859445740179819, "10": 0.8627091800683662, "11": 0.8320505626419941, "12": 0.8048430486725016, "13": 0.7287704777999522, "14": 0.5826806946075254, "15": 0.4145528684528711, "16": 0.3346499927738053, "17": 0.2990220573511279, "18": 0.3171743946765127, "19": 0.35293951933724793, "20": 0.3944055868802293, "21": 0.42287597279724326, "22": 0.5011721269413659, "23": 0.5303772469860427, "24": 0.6293676457865172, "25": 0.5887648590321516, "26": 0.526982323860286, "27": 0.40756419163034546}}