{"clique_sizes": [2, 3, 4, 5, 6, 7, 8, 9, 10, 11, 12, 13, 14, 15, 16, 17, 18, 19, 20, 21, 22, 23, 24, 25, 26], "homophily_values": {"2": 0.19783352309040153, "3": 0.5311643650878775, "4": 0.6789942213422635, "5": 0.7478533981676759, "6": 0.7886508563997341, "7": 0.8028656047508183, "8": 0.8042753738694403, "9": 0.7870897170434157, "10": 0.7382457148794463, "11": 0.6691264958767595, "12": 0.5981063231656942, "13": 0.5365443500867975, "14": 0.4904408270656061, "15": 0.4757241675675895, "16": 0.4419834650483546, "17": 0.41075206936081876, "18": 0.39016526057076606, "19": 0.33803059180656847, "20": 0.29140919536632937, "21": 0.2510315617327166, "22": 0.22528649795598057, "23": 0.207853877769882, "24": 0.18349496122009898, "25": 0.231226028328221, "26": 0.17980682201742934}}