{"clique_sizes": [2, 3, 4, 5, 6, 7, 8, 9, 10, 11, 12, 13, 14, 15, 16, 17, 18, 19, 20, 21, 22, 23, 24, 25, 26, 27, 28, 29, 30, 31, 32, 33, 34, 35, 36, 37, 38], "homophily_values": {"2": 0.3157704010684281, "3": 0.6322546433319597, "4": 0.7346376504464986, "5": 0.7626184661119121, "6": 0.7596960747462974, "7": 0.734828807564165, "8": 0.6861535703560131, "9": 0.6195667406698381, "10": 0.5477604363947671, "11": 0.4766771034592068, "12": 0.41648850470380794, "13": 0.387597387917728, "14": 0.3796643138908959, "15": 0.3822248011270259, "16": 0.38764734442782617, "17": 0.40034283789244623, "18": 0.44818656413785674, "19": 0.516669620400693, "20": 0.5765722738292312, "21": 0.623713568671785, "22": 0.6405242372506981, "23": 0.6182338299337484, "24": 0.5747146587623577, "25": 0.5365266756104059, "26": 0.5060790124001275, "27": 0.43122788763170444, "28": 0.3395596869469407, "29": 0.27938397333348325, "30": 0.2546323103481943, "31": 0.24539798238048338, "32": 0.2312109211290657, "33": 0.23380045638374466, "34": 0.24096155842794817, "35": 0.260392346251872, "36": 0.26802796698706005, "37": 0.27675393239640994, "38": 0.2813794246710538}}