{"clique_sizes": [2, 3, 4, 5, 6, 7, 8, 9, 10, 11, 12, 13, 14, 15, 16, 17, 18, 19, 20, 21, 22, 23, 24, 25], "homophily_values": {"2": 0.11600029436034892, "3": 0.47791040239142013, "4": 0.6932372710500092, "5": 0.7818036790128811, "6": 0.8212414447058329, "7": 0.8184374961682899, "8": 0.7940181898629949, "9": 0.7571366534172099, "10": 0.7540611284215417, "11": 0.7829361203157686, "12": 0.8159184633405325, "13": 0.8647270257448612, "14": 0.9155262446903834, "15": 0.9432681953078507, "16": 0.9741025056491646, "17": 0.9804405270522686, "18": 0.9884053287600162, "19": 0.9841974803362086, "20": 0.9833285740806594, "21": 0.9780728967494907, "22": 0.9725684672414687, "23": 0.957081254273259, "24": 0.9751710359357048, "25": 0.9743961539802917}}