{"clique_sizes": [2, 3, 4, 5, 6, 7, 8, 9, 10, 11, 12, 13, 14, 15, 16, 17, 18, 19, 20, 21, 22, 23, 24, 25, 26, 27, 28, 29, 30, 31, 32, 33], "homophily_values": {"2": 0.1707585990809812, "3": 0.5111442253837319, "4": 0.6946484627413522, "5": 0.7757465332141753, "6": 0.7986990454218343, "7": 0.797129682725729, "8": 0.7785701559993574, "9": 0.752262895056696, "10": 0.7303910515167303, "11": 0.6820062616084553, "12": 0.6075286277016959, "13": 0.5150316269880143, "14": 0.4227816155211083, "15": 0.35714696949934677, "16": 0.322220887430853, "17": 0.3188914550071901, "18": 0.3402640130434231, "19": 0.37166950141644217, "20": 0.41098661272631765, "21": 0.4624727599582794, "22": 0.5016366129881766, "23": 0.5366914914031848, "24": 0.5817625193467449, "25": 0.6310392463795084, "26": 0.6900439284628507, "27": 0.7629046552760638, "28": 0.861112651965236, "29": 0.9080960219967903, "30": 0.9262340402609365, "31": 0.9617477535856741, "32": 1, "33": 1}}