{"clique_sizes": [2, 3, 4, 5, 6, 7, 8, 9, 10, 11, 12, 13, 14, 15, 16, 17, 18, 19, 20, 21, 22, 23, 24, 25, 26, 27, 28, 29, 30, 31, 32, 33, 34, 35, 36, 37, 38, 39, 40, 41, 42, 43, 44, 45, 46, 47, 48], "homophily_values": {"2": 0.20255315452810174, "3": 0.4777656537067789, "4": 0.6315710971582907, "5": 0.7093984154345199, "6": 0.736571118720775, "7": 0.7342819575295799, "8": 0.7120689891210149, "9": 0.6691485769069041, "10": 0.6316797942287266, "11": 0.6096940708110327, "12": 0.5994075301760544, "13": 0.5783540343422653, "14": 0.5765225817529508, "15": 0.5769426844013493, "16": 0.5832549220731368, "17": 0.5748087968074406, "18": 0.5682018419153976, "19": 0.5542288095219134, "20": 0.5259806253614239, "21": 0.49541449674188853, "22": 0.4674364671187126, "23": 0.44894695070341284, "24": 0.4666874929129128, "25": 0.44368071923516667, "26": 0.43141721135978406, "27": 0.4281904082359942, "28": 0.4535588847721673, "29": 0.3853560400827976, "30": 0.34087543761439454, "31": 0.3523612657165441, "32": 0.38048570357606304, "33": 0.3842437009130584, "34": 0.4040012632529832, "35": 0.3494875955346268, "36": 0.31080693645582347, "37": 0.3522119573119089, "38": 0.45474668539186125, "39": 0.4681206554653624, "40": 0.4834426474196821, "41": 0.460654865629003, "42": 0.45779461333932575, "43": 0.44466149386067255, "44": 0.41779377561561015, "45": 0.3871946809113111, "46": 0.376911357848512, "47": 0.3683283503553045, "48": 0.38317006568951445}}