{"clique_sizes": [2, 3, 4, 5, 6, 7, 8, 9, 10, 11, 12, 13, 14, 15, 16, 17, 18, 19, 20, 21, 22, 23, 24, 25, 26, 27, 28, 29, 30, 31, 32, 33, 34, 35, 36, 37, 38, 39, 40, 41, 42, 43, 44, 45, 46, 47, 48], "homophily_values": {"2": 0.2748830460942487, "3": 0.42190591973216507, "4": 0.4593929438613214, "5": 0.4588111031601084, "6": 0.4462600978053769, "7": 0.4302353091499418, "8": 0.4204371295682806, "9": 0.40968342965784715, "10": 0.39848818372959866, "11": 0.3787497795490527, "12": 0.3443140107101033, "13": 0.2925196592046678, "14": 0.23326261938223716, "15": 0.18200009908189435, "16": 0.15548180859764812, "17": 0.14124126289922606, "18": 0.1331310098629023, "19": 0.13542463749119055, "20": 0.13944526805495852, "21": 0.14347332455370698, "22": 0.15000839033999333, "23": 0.1633245467263554, "24": 0.17511220712123807, "25": 0.17465532651641383, "26": 0.1792190538029745, "27": 0.1721178630398108, "28": 0.16913863337085472, "29": 0.16554130714056117, "30": 0.17725060191807462, "31": 0.1796359833840467, "32": 0.18148428497991842, "33": 0.17619100661473197, "34": 0.16417330105792932, "35": 0.15523553188805592, "36": 0.1501813588793639, "37": 0.14794017914441848, "38": 0.14658890096497695, "39": 0.14633539329131917, "40": 0.14954014429979584, "41": 0.147088797921114, "42": 0.14525807925504616, "43": 0.144886325450965, "44": 0.14189277464112066, "45": 0.13914223455178532, "46": 0.14306340780392005, "47": 0.1376593198186423, "48": 0.14754047769391546}}