{"clique_sizes": [2, 3, 4, 5, 6, 7, 8, 9, 10, 11, 12, 13, 14, 15, 16, 17, 18, 19, 20, 21, 22, 23, 24, 25, 26], "homophily_values": {"2": 0.15872301881648354, "3": 0.5535734825417357, "4": 0.7343769727320852, "5": 0.8014352666778933, "6": 0.8156174861228356, "7": 0.7963929094966569, "8": 0.7563608648182173, "9": 0.704135703668006, "10": 0.6444532772029196, "11": 0.617820939817179, "12": 0.5943409055770832, "13": 0.621747256125671, "14": 0.6532728872446832, "15": 0.6636140490476371, "16": 0.6309787275977924, "17": 0.5059349851519864, "18": 0.5110342030895829, "19": 0.45327712545933097, "20": 0.6031272207763466, "21": 0.7742568080367733, "22": 0.8468998229650502, "23": 0.8729763384052176, "24": 0.893570068100463, "25": 0.8748610606038484, "26": 0.8524821493468608}}