{"clique_sizes": [2, 3, 4, 5, 6, 7, 8, 9, 10, 11, 12, 13, 14, 15, 16, 17, 18, 19, 20, 21, 22, 23, 24, 25, 26, 27, 28, 29, 30, 31, 32, 33, 34, 35, 36, 37], "homophily_values": {"2": 0.26062801712689115, "3": 0.5881927945284747, "4": 0.7031104912299683, "5": 0.7581700792333564, "6": 0.7817800935944218, "7": 0.7857532784591031, "8": 0.7878374167296507, "9": 0.7894826816735961, "10": 0.7894139923218232, "11": 0.7733673195546308, "12": 0.7353180737515617, "13": 0.6530410770234844, "14": 0.5898945012142371, "15": 0.4907614608659847, "16": 0.4066164737072783, "17": 0.30651200384533384, "18": 0.25544014552369354, "19": 0.24058470891345943, "20": 0.20142239915247612, "21": 0.1909272934891881, "22": 0.23275500750064648, "23": 0.23926765786261608, "24": 0.2082009225035218, "25": 0.2224563196503751, "26": 0.21699613134502885, "27": 0.2219672262247672, "28": 0.21930964159718688, "29": 0.21204642510846206, "30": 0.21893827091006607, "31": 0.18496317677151186, "32": 0.14501439226791318, "33": 0.12057496222968193, "34": 0.10897818005054119, "35": 0.109882524586322, "36": 0.11344588370817842, "37": 0.11122442453057241}}