{"clique_sizes": [2, 3, 4, 5, 6, 7, 8, 9, 10, 11, 12, 13, 14, 15, 16, 17, 18, 19, 20, 21, 22, 23], "homophily_values": {"2": 0.07329568158525872, "3": 0.3605249941350659, "4": 0.4999039187139278, "5": 0.563119363146412, "6": 0.637052896842827, "7": 0.6818250625591915, "8": 0.7049298877293587, "9": 0.7171842942213645, "10": 0.712402330202303, "11": 0.7227332782525365, "12": 0.7276952172483624, "13": 0.7446559922145869, "14": 0.7360616432162129, "15": 0.6427854440276333, "16": 0.4977009460036759, "17": 0.3560813836740805, "18": 0.2442892172896314, "19": 0.3411436185774106, "20": 0.4103351627690095, "21": 0.5539537648112179, "22": 0.5081792211949513, "23": 0.49183293363751873}}