{"clique_sizes": [2, 3, 4, 5, 6, 7, 8, 9, 10, 11, 12, 13, 14, 15, 16, 17, 18, 19, 20, 21, 22, 23, 24, 25, 26, 27, 28, 29, 30], "homophily_values": {"2": 0.14282333068615688, "3": 0.47438164757381573, "4": 0.7023422966193673, "5": 0.8044932962900937, "6": 0.8423623458511258, "7": 0.8532647785581291, "8": 0.8482546338109912, "9": 0.8408414037380757, "10": 0.8271992753635147, "11": 0.8071437687188497, "12": 0.7620715316730193, "13": 0.6932300809687959, "14": 0.6053257399232281, "15": 0.5365859691801704, "16": 0.4970503582692705, "17": 0.49529515830083554, "18": 0.49568782011893747, "19": 0.5115389104676227, "20": 0.520283457865861, "21": 0.5513580456481794, "22": 0.5992799222403825, "23": 0.6217547050765465, "24": 0.6034676561316188, "25": 0.5725102121193181, "26": 0.5644604861290492, "27": 0.49609019206749094, "28": 0.40495187962573886, "29": 0.5463664277695051, "30": 0.1419116377201806}}