{"clique_sizes": [2, 3, 4, 5, 6, 7, 8, 9, 10, 11, 12, 13, 14, 15, 16, 17, 18, 19, 20, 21, 22, 23, 24], "homophily_values": {"2": 0.1659421509602361, "3": 0.20757821185380762, "4": 0.34589675589628854, "5": 0.4316779000077894, "6": 0.46155442242257927, "7": 0.481385222250529, "8": 0.49305533213790576, "9": 0.5140451372134465, "10": 0.5435737072425746, "11": 0.5614230193188474, "12": 0.5958856008925826, "13": 0.6308068691159996, "14": 0.6887242670675697, "15": 0.7676200268617774, "16": 0.8572802557996062, "17": 0.9302561216711354, "18": 0.9740725508711758, "19": 0.9977823825759868, "20": 1, "21": 1, "22": 1, "23": 1, "24": 1}}