{"clique_sizes": [2, 3, 4, 5, 6, 7, 8, 9, 10, 11, 12, 13, 14, 15, 16, 17, 18, 19, 20, 21, 22, 23, 24, 25, 26, 27, 28, 29, 30, 31, 32, 33, 34, 35, 36, 37, 38, 39, 40, 41], "homophily_values": {"2": 0.0750449846437919, "3": 0.31861749932701056, "4": 0.46396562352721304, "5": 0.5514497659674643, "6": 0.6006381543657778, "7": 0.6327780341716879, "8": 0.6579555475154303, "9": 0.6867317686891625, "10": 0.7132232089457213, "11": 0.7338637439900713, "12": 0.7488431135395431, "13": 0.7745883564826064, "14": 0.7918990056563268, "15": 0.7948045545526676, "16": 0.7614193246528898, "17": 0.7140187893837197, "18": 0.6593745197315066, "19": 0.5738823485365693, "20": 0.45543957022848863, "21": 0.3274620839001983, "22": 0.2834315125728448, "23": 0.25361670758598137, "24": 0.2555042585627857, "25": 0.2613445580931275, "26": 0.2480911192510548, "27": 0.25462578484158416, "28": 0.2853800020497793, "29": 0.33807474575007224, "30": 0.32878750927176303, "31": 0.3294878918542874, "32": 0.3291905504971539, "33": 0.32563845610776115, "34": 0.3215682162015917, "35": 0.31840327963670795, "36": 0.31769189255877966, "37": 0.3064009805346479, "38": 0.303305690656344, "39": 0.3097006625820828, "40": 0.2996304134244568, "41": 0.29496886260471694}}