{"clique_sizes": [2, 3, 4, 5, 6, 7, 8, 9, 10, 11, 12, 13, 14, 15, 16, 17, 18, 19, 20, 21, 22, 23, 24, 25, 26, 27, 28, 29, 30, 31, 32, 33, 34, 35, 36, 37, 38, 39, 40, 41, 42, 43], "homophily_values": {"2": 0.28429155039209103, "3": 0.5102389265499297, "4": 0.6009138429988818, "5": 0.6262344417743596, "6": 0.6189250442193351, "7": 0.6040518256414797, "8": 0.5944441774282505, "9": 0.6027832382164252, "10": 0.6270126905487744, "11": 0.6645630953521722, "12": 0.6942831972003699, "13": 0.7078341092582519, "14": 0.7230279471674953, "15": 0.7360557705641603, "16": 0.7148597001153342, "17": 0.703870061320862, "18": 0.6991368423651707, "19": 0.6968719631659671, "20": 0.7017788359245236, "21": 0.7144319311198499, "22": 0.7315024128166173, "23": 0.7405971574604082, "24": 0.7565395611230247, "25": 0.7648950572774461, "26": 0.7780355212243775, "27": 0.7874798099464413, "28": 0.7952604243592054, "29": 0.7938479597057587, "30": 0.7852349646371709, "31": 0.7688607299201796, "32": 0.7448836450608814, "33": 0.6892195649318733, "34": 0.5507114652189112, "35": 0.3119543166305482, "36": 0.21210251645067812, "37": 0.2144402418959967, "38": 0.22046084505284722, "39": 0.2163406920101972, "40": 0.21879616937966678, "41": 0.22924186872131114, "42": 0.21224216967774312, "43": 0.19818013793033595}}