{"clique_sizes": [2, 3, 4, 5, 6, 7, 8, 9, 10, 11, 12, 13, 14, 15, 16, 17, 18, 19, 20, 21, 22, 23, 24, 25, 26, 27, 28, 29, 30, 31, 32, 33, 34, 35], "homophily_values": {"2": 0.30510088834313376, "3": 0.6123941072962534, "4": 0.742612093024115, "5": 0.7932995987393859, "6": 0.7997180685297521, "7": 0.7755670137335001, "8": 0.7234966642384143, "9": 0.6518506578829838, "10": 0.5626629041505996, "11": 0.4896276256350305, "12": 0.391486383578371, "13": 0.3408081008390238, "14": 0.3045067683760584, "15": 0.26522186949794, "16": 0.23289535721417567, "17": 0.24801326724728967, "18": 0.207359840319354, "19": 0.19128076930908672, "20": 0.18028812174279638, "21": 0.18036306267125038, "22": 0.17694438169003524, "23": 0.17138764248476981, "24": 0.1620405851544038, "25": 0.16195648787963723, "26": 0.16343491382633366, "27": 0.16199931181350183, "28": 0.15931012139573497, "29": 0.1576833642686281, "30": 0.16417869378375385, "31": 0.16107888585260738, "32": 0.16798495874955927, "33": 0.1523140422748404, "34": 0.16372426143964708, "35": 0.1728035127415049}}