{"clique_sizes": [2, 3, 4, 5, 6, 7, 8, 9, 10, 11, 12, 13, 14, 15, 16, 17, 18, 19, 20, 21, 22, 23, 24, 25, 26, 27, 28, 29, 30, 31, 32, 33, 34, 35, 36, 37, 38, 39, 40], "homophily_values": {"2": 0.2482284400988443, "3": 0.48658982459890127, "4": 0.6225120509918957, "5": 0.6838976244031582, "6": 0.6976321089259772, "7": 0.6872929337704051, "8": 0.6719502568331316, "9": 0.6496315856387556, "10": 0.6268061395791447, "11": 0.584466941147807, "12": 0.5235774935648386, "13": 0.4444047378141589, "14": 0.4159027081648768, "15": 0.3451723185579927, "16": 0.29612936927511474, "17": 0.25568570492556, "18": 0.23425326875643188, "19": 0.22273799759334467, "20": 0.26242934267447776, "21": 0.2759412799093838, "22": 0.22728852665834093, "23": 0.17985417824380365, "24": 0.16164192806203856, "25": 0.14688273375307911, "26": 0.14570246401024287, "27": 0.14725636153620997, "28": 0.14013864741211773, "29": 0.1422756428484296, "30": 0.13692268313625428, "31": 0.13622275177940002, "32": 0.14896795042071767, "33": 0.1782317253730689, "34": 0.23358759353298972, "35": 0.2280900485458818, "36": 0.24134581224025542, "37": 0.24492698749948327, "38": 0.25992130642577677, "39": 0.22723924036507334, "40": 0.2194984382196125}}