{"clique_sizes": [2, 3, 4, 5, 6, 7, 8, 9, 10, 11, 12, 13, 14, 15, 16, 17, 18, 19, 20, 21, 22, 23, 24, 25, 26, 27, 28, 29, 30, 31, 32, 33], "homophily_values": {"2": 0.10995683749129863, "3": 0.4762966755476637, "4": 0.6646455194582184, "5": 0.7549181180065907, "6": 0.8120031124078507, "7": 0.8656022886835382, "8": 0.9035784291340794, "9": 0.9135351421433479, "10": 0.9026360016086293, "11": 0.8724572249121777, "12": 0.8074276851986286, "13": 0.6894071338685521, "14": 0.46955504531539577, "15": 0.3038342923280058, "16": 0.2444011193817535, "17": 0.23952852417058415, "18": 0.2381031540943169, "19": 0.24278440026173476, "20": 0.24550031268415878, "21": 0.21533055238225665, "22": 0.2571049096444603, "23": 0.258172182575012, "24": 0.21289028029398874, "25": 0.20520472582337945, "26": 0.21239141944402826, "27": 0.19723660738655516, "28": 0.19241848525473584, "29": 0.20701930550362116, "30": 0.19853270553761998, "31": 0.19580459650275744, "32": 0.19047812351510793, "33": 0.18958410499218623}}