{"clique_sizes": [2, 3, 4, 5, 6, 7, 8, 9, 10, 11, 12, 13, 14, 15, 16, 17, 18, 19, 20, 21, 22, 23, 24], "homophily_values": {"2": 0.23469023920910137, "3": 0.32808215685435266, "4": 0.36676573504501614, "5": 0.38558464321248775, "6": 0.37109611842288587, "7": 0.3638031089617369, "8": 0.339729109949635, "9": 0.30040904925513284, "10": 0.287802214925923, "11": 0.2812277010509835, "12": 0.23640659122916963, "13": 0.20580789242048722, "14": 0.22350993513925183, "15": 0.21943222032174695, "16": 0.13176769692696982, "17": 0.08470688211427606, "18": 0.031733671098094315, "19": 0.02964462745516493, "20": 0.03592384414604584, "21": 0.06753436897888997, "22": 0.10058684339047835, "23": 0.09796419320422044, "24": 0.08137302154001927}}