{"clique_sizes": [2, 3, 4, 5, 6, 7, 8, 9, 10, 11, 12, 13, 14, 15, 16, 17, 18, 19, 20, 21, 22, 23, 24, 25, 26, 27, 28, 29, 30, 31, 32, 33, 34, 35, 36, 37, 38, 39, 40, 41, 42, 43], "homophily_values": {"2": 0.30144623917885505, "3": 0.5069654414776263, "4": 0.5706288930276225, "5": 0.5893338259566682, "6": 0.5942047654088753, "7": 0.6020386755467957, "8": 0.6095439203414224, "9": 0.6031663557887977, "10": 0.6119993010661543, "11": 0.6231974536969066, "12": 0.6256603844200449, "13": 0.6235797877923308, "14": 0.6178362059128424, "15": 0.5954436528344965, "16": 0.547906295575924, "17": 0.48525080825870437, "18": 0.4892880807951275, "19": 0.49298602769283983, "20": 0.4880584160846204, "21": 0.47294584600941475, "22": 0.4824115286878113, "23": 0.4645922343463955, "24": 0.3957363794967536, "25": 0.28276453225016374, "26": 0.2357303891747925, "27": 0.22603960374585913, "28": 0.21000366187426822, "29": 0.19230902700543323, "30": 0.17636389026233773, "31": 0.1792453203067795, "32": 0.2039999494361076, "33": 0.18087387938509153, "34": 0.16171268620556614, "35": 0.16178773166098365, "36": 0.12752274041726258, "37": 0.1265940824569456, "38": 0.1456109305054441, "39": 0.16083324154590806, "40": 0.16176099204747355, "41": 0.18260833967978832, "42": 0.18741683102825274, "43": 0.1758463717041177}}