{"clique_sizes": [2, 3, 4, 5, 6, 7, 8, 9, 10, 11, 12, 13, 14, 15, 16, 17, 18, 19, 20, 21, 22, 23, 24, 25, 26, 27, 28, 29, 30, 31, 32, 33, 34, 35, 36, 37, 38, 39, 40], "homophily_values": {"2": 0.361771335492941, "3": 0.543074382309792, "4": 0.5858155192896393, "5": 0.5862341825000982, "6": 0.5629467199216879, "7": 0.5200994680328809, "8": 0.4775727927426484, "9": 0.4559878913468318, "10": 0.4594606636063798, "11": 0.47414277693769863, "12": 0.4840232889620911, "13": 0.49290935772680267, "14": 0.49997136948067755, "15": 0.5000975590020154, "16": 0.5187085389630437, "17": 0.5468419470279758, "18": 0.5820665262682962, "19": 0.6380512120344021, "20": 0.6677188776556483, "21": 0.6476163905908492, "22": 0.5942360621507442, "23": 0.516179450788004, "24": 0.3928051430075624, "25": 0.2997773864404062, "26": 0.2566978422935256, "27": 0.24696668820777798, "28": 0.2471731502771034, "29": 0.24544025077392745, "30": 0.2463695347510714, "31": 0.2608712375046637, "32": 0.2641482491990864, "33": 0.2704572038444632, "34": 0.2723357706042624, "35": 0.26592571237499957, "36": 0.21724203394722796, "37": 0.16059744506036489, "38": 0.13952122828446226, "39": 0.1256756287845978, "40": 0.11714549359002283}}