{"clique_sizes": [2, 3, 4, 5, 6, 7, 8, 9, 10, 11, 12, 13, 14, 15, 16, 17, 18, 19], "homophily_values": {"2": 0.27045065361102477, "3": 0.34228335659092973, "4": 0.37062381430543784, "5": 0.3658445575047764, "6": 0.32484913599368664, "7": 0.2531285191881806, "8": 0.22300899579883082, "9": 0.19310225891857782, "10": 0.1879172585240071, "11": 0.19322835420387405, "12": 0.23809429571355709, "13": 0.18866401170958302, "14": 0.17564758941124428, "15": 0.1543445718782368, "16": 0.17274140318238054, "17": 0.17225880032823082, "18": 0.17338382798572016, "19": 0.12371119784063099}}