{"clique_sizes": [2, 3, 4, 5, 6, 7, 8, 9, 10, 11, 12, 13, 14, 15, 16, 17, 18, 19, 20, 21, 22, 23, 24, 25], "homophily_values": {"2": 0.2017361717533005, "3": 0.40901658083659714, "4": 0.5921825519715667, "5": 0.7058965073276702, "6": 0.7601648918478142, "7": 0.7766454193156497, "8": 0.7816466728900673, "9": 0.7642179095579029, "10": 0.7768292891418537, "11": 0.7835942271002307, "12": 0.7910190025763446, "13": 0.7721170866530982, "14": 0.774471860603076, "15": 0.7968563543122276, "16": 0.7856157546188505, "17": 0.7918630304986494, "18": 0.8434037738494982, "19": 0.9215297214798852, "20": 0.9541418446372757, "21": 0.9800936164435144, "22": 0.995363165864933, "23": 0.9994353471474583, "24": 1, "25": 1}}