{"clique_sizes": [2, 3, 4, 5, 6, 7, 8, 9, 10, 11, 12, 13, 14, 15, 16, 17, 18, 19, 20, 21, 22, 23, 24, 25, 26, 27, 28, 29, 30, 31, 32, 33, 34, 35, 36, 37, 38, 39, 40], "homophily_values": {"2": 0.1810576861484076, "3": 0.34063086965851175, "4": 0.4373479696598486, "5": 0.4876834113661519, "6": 0.5075358909852216, "7": 0.5038484182243281, "8": 0.48771380887463733, "9": 0.47516532253176924, "10": 0.47259232824434116, "11": 0.4755426101761744, "12": 0.4752062854425981, "13": 0.4717346416424712, "14": 0.47204961599932355, "15": 0.4541334268064488, "16": 0.4316918021356376, "17": 0.4144904412489116, "18": 0.3857302996421426, "19": 0.36920036035942816, "20": 0.3534459169941583, "21": 0.3335145171378879, "22": 0.3120966803548893, "23": 0.2870597400851652, "24": 0.2763991915079636, "25": 0.27345523351642753, "26": 0.2705866732702199, "27": 0.26872085116732713, "28": 0.2715391952548154, "29": 0.2693236330052625, "30": 0.2692565903156958, "31": 0.27469653226499313, "32": 0.2877102653978408, "33": 0.3108327319556121, "34": 0.34427823379919154, "35": 0.38921809134922025, "36": 0.4275687870110304, "37": 0.46048321109817425, "38": 0.47841782585499193, "39": 0.4740784523823275, "40": 0.3409801152647094}}