{"clique_sizes": [2, 3, 4, 5, 6, 7, 8, 9, 10, 11, 12, 13, 14, 15, 16, 17, 18, 19, 20, 21, 22, 23, 24, 25, 26, 27, 28, 29, 30], "homophily_values": {"2": 0.22012399857971454, "3": 0.44704166292214326, "4": 0.5853791845878331, "5": 0.6355130697863206, "6": 0.6451444771351713, "7": 0.6379248831943025, "8": 0.6297731727901218, "9": 0.6078448344869652, "10": 0.5789200975378148, "11": 0.5482639138002597, "12": 0.5079704296862685, "13": 0.469034155438509, "14": 0.46704647301654406, "15": 0.4557839528096559, "16": 0.44765583007836857, "17": 0.4211831119254708, "18": 0.4201750460365886, "19": 0.4065564593207083, "20": 0.4151572747045693, "21": 0.4370863431433208, "22": 0.4449824199640777, "23": 0.4446586914218176, "24": 0.43038561351663757, "25": 0.40504754100378293, "26": 0.39461148052240647, "27": 0.3520357129550358, "28": 0.15097456974074783, "29": 0.11427431485944316, "30": 0.09202009313886442}}