{"clique_sizes": [2, 3, 4, 5, 6, 7, 8, 9, 10, 11, 12, 13, 14, 15, 16, 17, 18, 19, 20, 21, 22, 23, 24, 25, 26, 27, 28, 29, 30, 31, 32, 33, 34, 35, 36], "homophily_values": {"2": 0.30791653736976815, "3": 0.4456319212215518, "4": 0.4605888564294037, "5": 0.4501278103096164, "6": 0.44324519813359936, "7": 0.4437143788890045, "8": 0.44772673296537735, "9": 0.44101208305300904, "10": 0.432561609958738, "11": 0.4234750694211155, "12": 0.42546293441147603, "13": 0.43661732414421234, "14": 0.443103283187591, "15": 0.44938385599110015, "16": 0.4547747594837881, "17": 0.5001655576870189, "18": 0.5574017409500189, "19": 0.5959187558189634, "20": 0.5928316941882265, "21": 0.5528782723835981, "22": 0.4708263327621604, "23": 0.40176042412687335, "24": 0.3207804451463594, "25": 0.2394476916610609, "26": 0.20449875247398816, "27": 0.1897240024731838, "28": 0.18297737024210314, "29": 0.16773722017563825, "30": 0.16205128824209877, "31": 0.15722543374077375, "32": 0.157571639272069, "33": 0.14642332867003618, "34": 0.14496011983235063, "35": 0.14627301461872902, "36": 0.1406579232462563}}