{"clique_sizes": [2, 3, 4, 5, 6, 7, 8, 9, 10, 11, 12, 13, 14, 15, 16, 17, 18, 19, 20, 21, 22, 23, 24, 25, 26, 27, 28, 29, 30, 31, 32, 33, 34, 35, 36, 37, 38, 39, 40, 41], "homophily_values": {"2": 0.2893206827735994, "3": 0.5935331590575478, "4": 0.7266806925618616, "5": 0.7833478931387382, "6": 0.7975995833272503, "7": 0.7842774388810997, "8": 0.7459635313710803, "9": 0.688680328352074, "10": 0.6202055351308929, "11": 0.5532356401853427, "12": 0.48921718143771653, "13": 0.4372423411178597, "14": 0.39454315610111185, "15": 0.3728476403862403, "16": 0.3501551243377576, "17": 0.3300886432562935, "18": 0.3033394461488218, "19": 0.2813001588092823, "20": 0.28566855330770696, "21": 0.2866736797276134, "22": 0.28576051752357196, "23": 0.2532597559021134, "24": 0.23253235671914788, "25": 0.2188813041697994, "26": 0.22239670929871036, "27": 0.21850038138879108, "28": 0.203645868793287, "29": 0.18359393822555262, "30": 0.17171180492976681, "31": 0.16534900340936634, "32": 0.16457589204660517, "33": 0.16637328635909973, "34": 0.17234504495529285, "35": 0.1673289679779708, "36": 0.16483622779438586, "37": 0.16449438832567168, "38": 0.16302784980689425, "39": 0.16785017355714102, "40": 0.16478039670921169, "41": 0.13788194018231217}}