{"clique_sizes": [2, 3, 4, 5, 6, 7, 8, 9, 10, 11, 12, 13, 14, 15, 16, 17, 18, 19, 20, 21, 22, 23, 24, 25, 26, 27, 28, 29, 30, 31, 32, 33, 34, 35, 36, 37, 38], "homophily_values": {"2": 0.24353643264162203, "3": 0.524313911038483, "4": 0.6352156498383836, "5": 0.6821402226266701, "6": 0.694718340659524, "7": 0.6793857311392605, "8": 0.6640680497575827, "9": 0.6381405270120901, "10": 0.605242870556273, "11": 0.5652117853900869, "12": 0.5076425782695587, "13": 0.46237097761652973, "14": 0.4333522771731319, "15": 0.38733666644467063, "16": 0.3221072849198993, "17": 0.27931959643138693, "18": 0.24166462801721367, "19": 0.2366036580750478, "20": 0.24659599920263153, "21": 0.2517092082628721, "22": 0.27352791187186365, "23": 0.2765140426987372, "24": 0.2940629229594837, "25": 0.31985477397765727, "26": 0.3398639055322312, "27": 0.3233062090302738, "28": 0.30514677896100795, "29": 0.29995216848707135, "30": 0.2710553047514698, "31": 0.2539425475947557, "32": 0.21278650082933653, "33": 0.18084339229827326, "34": 0.1529911838359347, "35": 0.14883680502568797, "36": 0.1491747601245748, "37": 0.14246849927618024, "38": 0.14411102001713547}}