{"clique_sizes": [2, 3, 4, 5, 6, 7, 8, 9, 10, 11, 12, 13, 14, 15, 16, 17, 18, 19, 20, 21, 22, 23, 24, 25, 26, 27, 28, 29, 30, 31], "homophily_values": {"2": 0.2319272982221251, "3": 0.5456412648372558, "4": 0.6655151418288188, "5": 0.6760441378821507, "6": 0.6189634853438988, "7": 0.5407517218244152, "8": 0.4816267309095508, "9": 0.4409616307598132, "10": 0.40375296317032033, "11": 0.3935423742058766, "12": 0.3759484987976753, "13": 0.38109461469351996, "14": 0.2983635362869048, "15": 0.24464604098372653, "16": 0.20752398919807097, "17": 0.1545954551956616, "18": 0.1357633193944558, "19": 0.1507289007175873, "20": 0.11447744161875771, "21": 0.11485248026340045, "22": 0.1336454433010754, "23": 0.11376505723587851, "24": 0.1228367229914656, "25": 0.09745404004673329, "26": 0.08876040781817789, "27": 0.10164817188829327, "28": 0.1061633387060131, "29": 0.09901589220523883, "30": 0.0948762354937494, "31": 0.08665278081619225}}