{"clique_sizes": [2, 3, 4, 5, 6, 7, 8, 9, 10, 11, 12, 13, 14, 15, 16, 17, 18, 19, 20, 21, 22, 23, 24], "homophily_values": {"2": 0.2669022828017599, "3": 0.5888667119898248, "4": 0.7308340783100497, "5": 0.7838584568287958, "6": 0.7915102733000727, "7": 0.7657443358520791, "8": 0.721378567981058, "9": 0.6742963681178975, "10": 0.6227414327199977, "11": 0.5754043580463125, "12": 0.5407971951387379, "13": 0.5175318171205882, "14": 0.5224407524768098, "15": 0.5242165265432306, "16": 0.5041516940952705, "17": 0.5184299084794087, "18": 0.5773419759787138, "19": 0.5835634166940143, "20": 0.5737510158586661, "21": 0.5268574529498872, "22": 0.5788581751649372, "23": 0.729922684110957, "24": 0.891500636135451}}