{"clique_sizes": [2, 3, 4, 5, 6, 7, 8, 9, 10, 11, 12, 13, 14, 15, 16, 17, 18, 19, 20, 21, 22, 23, 24, 25, 26, 27, 28, 29, 30, 31, 32, 33, 34, 35, 36], "homophily_values": {"2": 0.30584944357759186, "3": 0.6418123442534984, "4": 0.7467463197772873, "5": 0.7876826699791488, "6": 0.8006887798020718, "7": 0.8048613037858908, "8": 0.7957783946052409, "9": 0.7673104989269091, "10": 0.7414021072192893, "11": 0.7348952404920335, "12": 0.7288175531355164, "13": 0.7190181405177425, "14": 0.6840757707883974, "15": 0.6838007725335389, "16": 0.6873175275606331, "17": 0.6828341722750515, "18": 0.6890379094264325, "19": 0.6625728536650646, "20": 0.6007843969746226, "21": 0.5360143906655869, "22": 0.5442622587639537, "23": 0.4018943873974205, "24": 0.36503671066093457, "25": 0.38053425344060504, "26": 0.4095939150403501, "27": 0.409745571744685, "28": 0.34761551405452595, "29": 0.2669918674689839, "30": 0.16802696493487307, "31": 0.1498855602782209, "32": 0.11927274745855, "33": 0.12255943263173237, "34": 0.12630734430724425, "35": 0.12763409282960017, "36": 0.12898241726108453}}