{"clique_sizes": [2, 3, 4, 5, 6, 7, 8, 9, 10, 11, 12, 13, 14, 15, 16, 17, 18, 19, 20, 21], "homophily_values": {"2": 0.24538420335807026, "3": 0.355427149356285, "4": 0.4136661093534533, "5": 0.44999533602704406, "6": 0.4900861299044343, "7": 0.5104633621609362, "8": 0.5193389148547621, "9": 0.5111593604216687, "10": 0.4982589637597487, "11": 0.47344554348032475, "12": 0.4624046336077496, "13": 0.5196322618075311, "14": 0.5459689029038599, "15": 0.7809428228461198, "16": 0.9493945103655246, "17": 0.9694872023352441, "18": 0.9877506584847019, "19": 1, "20": 1, "21": 1}}