{"clique_sizes": [2, 3, 4, 5, 6, 7, 8, 9, 10, 11, 12, 13, 14, 15, 16, 17, 18, 19, 20, 21, 22, 23, 24, 25, 26, 27, 28, 29, 30, 31, 32, 33, 34, 35, 36, 37, 38, 39, 40, 41, 42, 43, 44, 45, 46, 47, 48, 49, 50, 51, 52], "homophily_values": {"2": 0.22350502311451068, "3": 0.3717288960597297, "4": 0.4517267353161338, "5": 0.476373400506456, "6": 0.47601748009696515, "7": 0.4633474895514635, "8": 0.44597834039553635, "9": 0.4298109388862907, "10": 0.4147671604684055, "11": 0.4045038938324364, "12": 0.3852340698502387, "13": 0.35259456980057524, "14": 0.33157765399181, "15": 0.3073147864587217, "16": 0.2877254998041814, "17": 0.27973736992402193, "18": 0.27340694133384513, "19": 0.26608744356456165, "20": 0.26069483517912817, "21": 0.25522213585896797, "22": 0.24818847466932983, "23": 0.2374545630497168, "24": 0.23033059003888165, "25": 0.22661637131256626, "26": 0.22412544431874565, "27": 0.22463314902978712, "28": 0.22408970079309282, "29": 0.22283543127202676, "30": 0.23031074551278874, "31": 0.2367964579331987, "32": 0.24905073868195188, "33": 0.2584804843546891, "34": 0.2666262254063398, "35": 0.2730632208089439, "36": 0.28473989293969204, "37": 0.2977632161539774, "38": 0.31209695495132184, "39": 0.32580890143563906, "40": 0.331581264535801, "41": 0.3322375326457924, "42": 0.3334935231683355, "43": 0.30900374961619725, "44": 0.2783097779340682, "45": 0.28059838409833937, "46": 0.2897254584869971, "47": 0.2994420325974415, "48": 0.309951959138663, "49": 0.31298171788700735, "50": 0.3237547274393039, "51": 0.33291167311517894, "52": 0.3343679711489899}}