{"clique_sizes": [2, 3, 4, 5, 6, 7, 8, 9, 10, 11, 12, 13, 14, 15, 16, 17, 18, 19, 20, 21, 22, 23, 24, 25, 26, 27, 28, 29, 30, 31, 32, 33, 34, 35, 36, 37, 38, 39], "homophily_values": {"2": 0.31137156602783667, "3": 0.46996634903827206, "4": 0.513894604292215, "5": 0.5383846703669217, "6": 0.5510153699587748, "7": 0.544613280899921, "8": 0.5363354335130452, "9": 0.5149093273113816, "10": 0.4759573106126908, "11": 0.4563674037169828, "12": 0.44426631518491044, "13": 0.4436517995322895, "14": 0.45681995362831873, "15": 0.43276986396566375, "16": 0.4160917599094129, "17": 0.38291627299957387, "18": 0.3539721373568829, "19": 0.3043169652324643, "20": 0.23523561524339778, "21": 0.2116305734721227, "22": 0.20133860137859777, "23": 0.19914618556418376, "24": 0.20650500975229644, "25": 0.21569550524724473, "26": 0.21319436235290354, "27": 0.21312894060415796, "28": 0.2177945511511582, "29": 0.21955889122874656, "30": 0.2156274540806976, "31": 0.1900804308658948, "32": 0.18131858457967556, "33": 0.1379530167361184, "34": 0.17376375419737536, "35": 0.1667119104876949, "36": 0.178575299026166, "37": 0.13830216262890493, "38": 0.16664695264934443, "39": 0.1810460471145851}}