{"clique_sizes": [2, 3, 4, 5, 6, 7, 8, 9, 10, 11, 12, 13, 14, 15, 16, 17, 18, 19, 20, 21, 22, 23, 24, 25, 26, 27, 28, 29, 30, 31], "homophily_values": {"2": 0.010646633427783048, "3": 0.29089477565354743, "4": 0.47041851598241263, "5": 0.5663106070007623, "6": 0.6325273830242094, "7": 0.6491492153363653, "8": 0.6372703262416515, "9": 0.6211675297947804, "10": 0.6281558845237047, "11": 0.6616993978994583, "12": 0.7331692393904402, "13": 0.813573685013736, "14": 0.868371535707311, "15": 0.9044372782481052, "16": 0.917443841169254, "17": 0.9232141950525017, "18": 0.9261778597695293, "19": 0.9236034743234934, "20": 0.8747386465442775, "21": 0.7764006825972193, "22": 0.5880539775631757, "23": 0.3916231969346922, "24": 0.23705370111568938, "25": 0.16841338201265568, "26": 0.13508545310066838, "27": 0.1345863859597549, "28": 0.17471136590161898, "29": 0.1805079805306028, "30": 0.17190266245423763, "31": 0.19941678049656403}}