{"clique_sizes": [2, 3, 4, 5, 6, 7, 8, 9, 10, 11, 12, 13, 14, 15, 16, 17, 18, 19, 20, 21, 22, 23, 24, 25, 26, 27, 28, 29, 30, 31], "homophily_values": {"2": 0.1759324061838076, "3": 0.4663742216274276, "4": 0.6340122212467091, "5": 0.7184434717578375, "6": 0.7604846621829481, "7": 0.7727308352129642, "8": 0.776586863043371, "9": 0.7767236696997797, "10": 0.773183820398354, "11": 0.7523739817947378, "12": 0.716745974954327, "13": 0.653045176842196, "14": 0.5564528746796742, "15": 0.45825235448080015, "16": 0.39082609761640164, "17": 0.3372307357073741, "18": 0.26416306539396583, "19": 0.23667216067056815, "20": 0.2060733049554092, "21": 0.20664772048449598, "22": 0.18769318368896104, "23": 0.17274321675138274, "24": 0.1713426345734031, "25": 0.1614173447836691, "26": 0.1661300860591357, "27": 0.16329690728394008, "28": 0.14598027112635845, "29": 0.1482006723011711, "30": 0.15059596064706837, "31": 0.11251135077469065}}