{"clique_sizes": [2, 3, 4, 5, 6, 7, 8, 9, 10, 11, 12, 13, 14, 15, 16], "homophily_values": {"2": 0.2480940981765523, "3": 0.3946398316499422, "4": 0.4224045696552123, "5": 0.44555783030081714, "6": 0.4979005429790723, "7": 0.511704250782838, "8": 0.5419099540088513, "9": 0.5292440284600975, "10": 0.5792883154216825, "11": 0.5983642166858765, "12": 0.5122373101526838, "13": 0.6239859085856072, "14": 0.611972047009945, "15": 0.7540208843787284, "16": 0.7413501985006552}}