{"clique_sizes": [2, 3, 4, 5, 6, 7, 8, 9, 10, 11, 12, 13, 14, 15, 16, 17, 18, 19, 20, 21, 22, 23, 24, 25, 26, 27, 28, 29], "homophily_values": {"2": 0.17813178769873045, "3": 0.3562948518021842, "4": 0.4132980415220012, "5": 0.4279956504972502, "6": 0.4007075839196276, "7": 0.3720173817807511, "8": 0.36022276982598045, "9": 0.34316698953714364, "10": 0.34145348107766166, "11": 0.35542712511450686, "12": 0.35717087978734935, "13": 0.3668031491349315, "14": 0.37676668631077614, "15": 0.3843376753880026, "16": 0.3893201084169763, "17": 0.40419498711692425, "18": 0.41386496699581066, "19": 0.4095664267660385, "20": 0.43044541169538686, "21": 0.4557346517860549, "22": 0.484826591592321, "23": 0.49680346706191386, "24": 0.5386850472654852, "25": 0.5633182967635395, "26": 0.5919166559621603, "27": 0.577948534851442, "28": 0.5988404701841169, "29": 0.6611125859791497}}