{"clique_sizes": [2, 3, 4, 5, 6, 7, 8, 9, 10, 11, 12, 13, 14, 15, 16, 17, 18, 19, 20, 21, 22, 23, 24, 25, 26, 27, 28, 29, 30, 31, 32, 33, 34, 35], "homophily_values": {"2": 0.17674828423521655, "3": 0.45064119983043777, "4": 0.5784607142988683, "5": 0.6540165292153273, "6": 0.6984296428755561, "7": 0.7199836283205753, "8": 0.6961964861077389, "9": 0.6377620084140658, "10": 0.5258176754431575, "11": 0.4311169394789626, "12": 0.36863275814585883, "13": 0.33927305884492165, "14": 0.3433850352402086, "15": 0.35418573769515893, "16": 0.36916461704223336, "17": 0.4006371998927292, "18": 0.431295938024934, "19": 0.47983962183074874, "20": 0.5204504586728135, "21": 0.5372446756035311, "22": 0.5549294916210291, "23": 0.4513348859247389, "24": 0.2834997162533418, "25": 0.12930730275291347, "26": 0.11488091095286285, "27": 0.11562607668827486, "28": 0.1132661855514384, "29": 0.11807632039030674, "30": 0.12763682577379415, "31": 0.1413643864675737, "32": 0.10706911142610595, "33": 0.13834453412704123, "34": 0.14074238543788625, "35": 0.12357707743335442}}