{"clique_sizes": [2, 3, 4, 5, 6, 7, 8, 9, 10, 11, 12, 13, 14, 15, 16, 17, 18, 19, 20, 21, 22, 23, 24, 25, 26, 27, 28, 29, 30, 31, 32, 33, 34, 35, 36, 37], "homophily_values": {"2": 0.2412964351334134, "3": 0.446634319292424, "4": 0.5213046712760759, "5": 0.5409544834908174, "6": 0.5335957214300154, "7": 0.5149108083762008, "8": 0.5022831292120714, "9": 0.4870994839452849, "10": 0.4767887803081492, "11": 0.46220464538307576, "12": 0.46101939307533085, "13": 0.46903744345103027, "14": 0.48818539160392943, "15": 0.535447359688561, "16": 0.5526695955397615, "17": 0.5659315458763772, "18": 0.5513314121291809, "19": 0.5505067184541493, "20": 0.524589786649414, "21": 0.48619971963175784, "22": 0.4413080733434203, "23": 0.37718543414423505, "24": 0.2883236266285144, "25": 0.2505051733697247, "26": 0.2672870340172475, "27": 0.28576297116663724, "28": 0.32041210130417896, "29": 0.3533953110630422, "30": 0.3778607440514433, "31": 0.3969877325840208, "32": 0.40259352471651527, "33": 0.3565971354366238, "34": 0.3344962529710391, "35": 0.29085790391878735, "36": 0.2688315677939886, "37": 0.267012430901891}}