{"clique_sizes": [2, 3, 4, 5, 6, 7, 8, 9, 10, 11, 12, 13, 14, 15, 16, 17, 18, 19, 20, 21, 22, 23, 24, 25, 26, 27, 28], "homophily_values": {"2": 0.25932531773256423, "3": 0.43245918017552515, "4": 0.543984485795323, "5": 0.6152966550261569, "6": 0.6442903745890525, "7": 0.6554114247034939, "8": 0.6515771320529639, "9": 0.6350587002832637, "10": 0.6283820960905947, "11": 0.634739663574672, "12": 0.6447137769920978, "13": 0.6325171476403659, "14": 0.6223385095074394, "15": 0.5699237331740816, "16": 0.5658238224885148, "17": 0.5245238948304914, "18": 0.4337083839210699, "19": 0.39365251225637754, "20": 0.335197095358427, "21": 0.3043823261186945, "22": 0.34523842668837346, "23": 0.3547307923480799, "24": 0.4674321979037421, "25": 0.6001843109199214, "26": 0.7999184401918015, "27": 0.9603436552371213, "28": 1}}