{"clique_sizes": [2, 3, 4, 5, 6, 7, 8, 9, 10, 11, 12, 13, 14, 15, 16, 17, 18, 19], "homophily_values": {"2": 0.05419825102032146, "3": 0.35308459036553674, "4": 0.5530722605372408, "5": 0.6242077010537909, "6": 0.6463291531619922, "7": 0.6476111652238006, "8": 0.7004088881214089, "9": 0.8080142607081454, "10": 0.9415757572307424, "11": 0.9776248767785842, "12": 0.9745490919154255, "13": 0.9855587407961496, "14": 0.9950056480537465, "15": 0.9952823818823475, "16": 1, "17": 1, "18": 1, "19": 1}}