{"clique_sizes": [2, 3, 4, 5, 6, 7, 8, 9, 10, 11, 12, 13, 14, 15, 16, 17, 18, 19, 20, 21, 22, 23, 24, 25], "homophily_values": {"2": 0.19120031564059684, "3": 0.4250346314458582, "4": 0.4949103602598584, "5": 0.5138465894029308, "6": 0.5197219740602937, "7": 0.5268575810897307, "8": 0.5078962431000497, "9": 0.47620269025263584, "10": 0.4560348886119914, "11": 0.47288125202815434, "12": 0.4633786861915922, "13": 0.4083462625129267, "14": 0.3856915457051371, "15": 0.3397899208388852, "16": 0.3376777818896962, "17": 0.33081187783148963, "18": 0.24481769038040818, "19": 0.2142682770815938, "20": 0.27451390336887, "21": 0.2934555039196118, "22": 0.27952930901770806, "23": 0.31182102264026723, "24": 0.32170941770550165, "25": 0.3385844903807991}}