{"clique_sizes": [2, 3, 4, 5, 6, 7, 8, 9, 10, 11, 12, 13, 14, 15, 16, 17, 18, 19, 20, 21, 22, 23, 24, 25, 26, 27, 28, 29, 30, 31, 32, 33, 34, 35, 36, 37, 38, 39, 40, 41, 42, 43, 44, 45, 46, 47], "homophily_values": {"2": 0.27475895776001763, "3": 0.5078806491590494, "4": 0.6498217525325699, "5": 0.7156140593946511, "6": 0.7487224947334108, "7": 0.7579136022299213, "8": 0.749871325671518, "9": 0.727687797427312, "10": 0.6921253636814546, "11": 0.6623627005900268, "12": 0.6251038527532673, "13": 0.584241807146353, "14": 0.5643893248374721, "15": 0.5622084302522262, "16": 0.574826205618468, "17": 0.6121225971577939, "18": 0.6453298568414724, "19": 0.6902247081850835, "20": 0.729091679146863, "21": 0.7485499693604234, "22": 0.7685447614117435, "23": 0.7886519356294314, "24": 0.778119693745539, "25": 0.7728051995059582, "26": 0.7474851173991722, "27": 0.6945624376454714, "28": 0.6608758238671705, "29": 0.6042657020969859, "30": 0.5671405982744494, "31": 0.5698414567991027, "32": 0.5218477243009576, "33": 0.33474312297330344, "34": 0.248803991769388, "35": 0.22398508078605955, "36": 0.19628556033681024, "37": 0.19396161244814938, "38": 0.19928571638917789, "39": 0.19887700249510015, "40": 0.19114518822439397, "41": 0.16926541882814522, "42": 0.1485730338158061, "43": 0.14126962662470366, "44": 0.1353904624278547, "45": 0.1255281698194046, "46": 0.1296079268580173, "47": 0.11899752468954232}}