{"clique_sizes": [2, 3, 4, 5, 6, 7, 8, 9, 10, 11, 12, 13, 14, 15, 16, 17, 18, 19], "homophily_values": {"2": 0.271525812895364, "3": 0.3994511363360894, "4": 0.4109684840684175, "5": 0.43271506881653415, "6": 0.4856800216411275, "7": 0.5343311432784236, "8": 0.5747220955520305, "9": 0.6033794189447735, "10": 0.618337349180395, "11": 0.6106904002233446, "12": 0.6046390111249509, "13": 0.6271146725010613, "14": 0.630590381188238, "15": 0.6181949430127028, "16": 0.5578541576929223, "17": 0.727556806232272, "18": 0.8365735934200749, "19": 0.9558029905800969}}