{"clique_sizes": [2, 3, 4, 5, 6, 7, 8, 9, 10, 11, 12, 13, 14, 15, 16, 17, 18, 19, 20, 21, 22, 23, 24, 25, 26, 27, 28, 29, 30, 31, 32, 33, 34, 35, 36, 37, 38, 39, 40, 41, 42, 43], "homophily_values": {"2": 0.2545619152972832, "3": 0.5621095943006292, "4": 0.6839316684349817, "5": 0.7366457591044764, "6": 0.7330431327462156, "7": 0.6940901327054912, "8": 0.6664627581933003, "9": 0.6610824381251255, "10": 0.665783878984798, "11": 0.6857463578379873, "12": 0.7049563837421686, "13": 0.7179252908138444, "14": 0.7216222634613872, "15": 0.7280062418210165, "16": 0.7180776243967413, "17": 0.6796809868562458, "18": 0.6311598699376154, "19": 0.5435551759923276, "20": 0.4222785981090112, "21": 0.313509587968444, "22": 0.25916934613869524, "23": 0.21978672919716233, "24": 0.21633335901272524, "25": 0.2141438976023268, "26": 0.22091487975207616, "27": 0.22615302634508164, "28": 0.22991039866615476, "29": 0.23195362031013808, "30": 0.2241693752644286, "31": 0.20628824337918322, "32": 0.17925573980273563, "33": 0.16488604454055983, "34": 0.15945950532075295, "35": 0.15549872291827369, "36": 0.13567763706114214, "37": 0.1223868854078396, "38": 0.11912606900270128, "39": 0.1161094687186924, "40": 0.1160176998031048, "41": 0.12041199273917727, "42": 0.10889889229733712, "43": 0.08116617348817837}}