{"clique_sizes": [2, 3, 4, 5, 6, 7, 8, 9, 10, 11, 12, 13, 14, 15, 16, 17, 18, 19, 20, 21, 22, 23, 24, 25, 26, 27, 28, 29, 30, 31], "homophily_values": {"2": 0.2161691313470515, "3": 0.47123376466028405, "4": 0.5623823661322834, "5": 0.6104090986011644, "6": 0.6472871991365996, "7": 0.6974309894353502, "8": 0.737518790414441, "9": 0.7758905070676302, "10": 0.8086207879489219, "11": 0.8455486797686425, "12": 0.8632641732438611, "13": 0.8675507571372286, "14": 0.8719173948149223, "15": 0.8658891729944164, "16": 0.7966368576354228, "17": 0.7691989575736113, "18": 0.5737446886801986, "19": 0.3618743915112463, "20": 0.17997970085301598, "21": 0.09850198217868172, "22": 0.11290486709186477, "23": 0.11209027853931393, "24": 0.114429353905775, "25": 0.10433936942580378, "26": 0.11418259453701152, "27": 0.15491381296197285, "28": 0.11080061582086076, "29": 0.1405477695963326, "30": 0.13055357244955795, "31": 0.07461641786745175}}