{"clique_sizes": [2, 3, 4, 5, 6, 7, 8, 9, 10, 11, 12, 13, 14, 15, 16, 17, 18, 19, 20, 21, 22, 23, 24, 25, 26, 27, 28, 29, 30, 31, 32, 33, 34, 35, 36, 37, 38, 39, 40, 41, 42, 43, 44, 45, 46, 47, 48, 49, 50, 51, 52], "homophily_values": {"2": 0.2597526701547419, "3": 0.3587368530326042, "4": 0.3916217916167697, "5": 0.3961332816636338, "6": 0.4002128636255167, "7": 0.4150711706466122, "8": 0.44069941741566887, "9": 0.4504216954743241, "10": 0.4593553141999606, "11": 0.44510937948981466, "12": 0.425939914207054, "13": 0.41911830743896417, "14": 0.40998901353409595, "15": 0.3991218444476948, "16": 0.38930531879472086, "17": 0.37292105144743637, "18": 0.3553362078615189, "19": 0.33227135701207267, "20": 0.305140384554435, "21": 0.2724314122139661, "22": 0.23578112923227054, "23": 0.19805913453663246, "24": 0.19202531680333118, "25": 0.1921465955991204, "26": 0.17555937896337293, "27": 0.1586032551600502, "28": 0.14989689883949722, "29": 0.1484208863357829, "30": 0.15249293654905488, "31": 0.15207233149980856, "32": 0.15911603121727694, "33": 0.15653305835519582, "34": 0.1686191395655458, "35": 0.16581443453481115, "36": 0.16801565458138065, "37": 0.16456446302249192, "38": 0.15546481821197436, "39": 0.14990770791821267, "40": 0.1506227590803225, "41": 0.1332924495392577, "42": 0.13134808140145832, "43": 0.13923185922293535, "44": 0.14464288363798897, "45": 0.14525603710629673, "46": 0.15244890526675606, "47": 0.17183327276744947, "48": 0.16552959220625613, "49": 0.16295479830767848, "50": 0.17293916306339638, "51": 0.18261225094042163, "52": 0.18383402078345806}}