{"clique_sizes": [2, 3, 4, 5, 6, 7, 8, 9, 10, 11, 12, 13, 14, 15, 16, 17, 18, 19, 20, 21, 22, 23, 24, 25, 26, 27, 28, 29, 30, 31, 32, 33, 34, 35, 36, 37, 38, 39, 40, 41, 42, 43, 44], "homophily_values": {"2": 0.3121857129958332, "3": 0.40148729448733605, "4": 0.418218537475946, "5": 0.41881081912895185, "6": 0.40881196422571897, "7": 0.4049252683388633, "8": 0.4005249337848298, "9": 0.38590735151331007, "10": 0.35897377327982155, "11": 0.32530468773491433, "12": 0.29724003045615455, "13": 0.27856148870589814, "14": 0.28295359952346283, "15": 0.2929634896783775, "16": 0.30463674290070997, "17": 0.32196850963143964, "18": 0.3217671107032342, "19": 0.3120251258308248, "20": 0.2882054928586925, "21": 0.2689677650959065, "22": 0.2615111627873454, "23": 0.2559225265093199, "24": 0.2569881918593554, "25": 0.25836056090581966, "26": 0.25906167066975117, "27": 0.25952802704123157, "28": 0.2540294496588085, "29": 0.24994265555877263, "30": 0.24668940414328755, "31": 0.2416789043786426, "32": 0.23872953854439669, "33": 0.23258469015518546, "34": 0.2226331763836087, "35": 0.21522071926173508, "36": 0.21152627736258015, "37": 0.21154899189428625, "38": 0.20844024817664006, "39": 0.20615916618089614, "40": 0.2063345800500537, "41": 0.20292254847691482, "42": 0.20355601327345965, "43": 0.20591192658194404, "44": 0.20749188546684358}}