{"clique_sizes": [2, 3, 4, 5, 6, 7, 8, 9, 10, 11, 12, 13, 14, 15, 16, 17, 18, 19, 20, 21, 22, 23, 24, 25, 26, 27, 28, 29, 30, 31, 32, 33, 34, 35, 36, 37, 38, 39, 40, 41, 42, 43, 44, 45, 46, 47, 48, 49, 50, 51], "homophily_values": {"2": 0.30880816984255804, "3": 0.4300248075331375, "4": 0.47189338915506573, "5": 0.4903358339628571, "6": 0.4960238293899124, "7": 0.4869751493833631, "8": 0.4689416197596838, "9": 0.44371257430697303, "10": 0.41028353690561864, "11": 0.3702181976163789, "12": 0.31995254803051765, "13": 0.2798244823870992, "14": 0.2585489960099512, "15": 0.2478843971099942, "16": 0.24273780850172955, "17": 0.24061592105225987, "18": 0.2448837367410674, "19": 0.2495513139606892, "20": 0.23989645995762957, "21": 0.2302517261081127, "22": 0.21112463471334372, "23": 0.21433394335300043, "24": 0.21351116221421512, "25": 0.23089224986639462, "26": 0.23838741002787386, "27": 0.23409852764072803, "28": 0.22150816818117167, "29": 0.19117054132457242, "30": 0.1774771567558143, "31": 0.17511816754424075, "32": 0.1578893675965522, "33": 0.13545069927562, "34": 0.10401061546357196, "35": 0.10097031377839635, "36": 0.11307690189715176, "37": 0.1411849409917141, "38": 0.17727210509194904, "39": 0.20065557107060644, "40": 0.20078680618086686, "41": 0.19242161473200406, "42": 0.18342824395678625, "43": 0.17994048331898288, "44": 0.16841513064869348, "45": 0.15572747904944398, "46": 0.1593109269882255, "47": 0.1553259351901149, "48": 0.15067617540761494, "49": 0.14774084168227888, "50": 0.1462751643083402, "51": 0.1404661714061755}}