{"clique_sizes": [2, 3, 4, 5, 6, 7, 8, 9, 10, 11, 12, 13, 14, 15, 16, 17, 18, 19, 20, 21, 22, 23, 24, 25, 26, 27, 28, 29, 31, 32, 33, 34], "homophily_values": {"2": -0.06936320331047224, "3": 0.3093422562297408, "4": 0.5010350751997651, "5": 0.6502645782182401, "6": 0.7606542754145752, "7": 0.8152582264168652, "8": 0.8501328974218524, "9": 0.8667276259604592, "10": 0.8520459277733109, "11": 0.8256883858956459, "12": 0.7996185639646711, "13": 0.7421858720199912, "14": 0.6935649471850108, "15": 0.6641308136409535, "16": 0.6962503210462332, "17": 0.6998616298783693, "18": 0.6995613364413824, "19": 0.6759820157416622, "20": 0.6724269166731527, "21": 0.6561204290841851, "22": 0.63945009514564, "23": 0.5278498276507636, "24": 0.45969955475795915, "25": 0.3537422755600332, "26": 0.3450191097113152, "27": 0.33892280630567695, "28": 0.33436337191269716, "29": 0.3253549186077672, "31": 0.33840170495241323, "32": 0.34314923891604243, "33": 0.3449599715130899, "34": 0.33738779734199054}}