{"clique_sizes": [2, 3, 4, 5, 6, 7, 8, 9, 10, 11, 12, 13, 14, 15, 16, 17, 18, 19, 20, 21, 22, 23, 24, 25, 26, 27], "homophily_values": {"2": 0.33019697978560947, "3": 0.5532604443539916, "4": 0.6894074672991481, "5": 0.7514201121959444, "6": 0.7784525351609923, "7": 0.7694605514270778, "8": 0.7461506681275412, "9": 0.7141503959951951, "10": 0.6804475444649737, "11": 0.6241610775367885, "12": 0.5775494897435528, "13": 0.5401137129398242, "14": 0.4802456391647523, "15": 0.4447657436954769, "16": 0.43363124665307645, "17": 0.4363321293026963, "18": 0.4473742496358237, "19": 0.4610259211713566, "20": 0.4525641419074854, "21": 0.4432589445123068, "22": 0.4841210702498321, "23": 0.5029189329990067, "24": 0.4878212055685962, "25": 0.42663420798243123, "26": 0.4182190092266435, "27": 0.34422215167615955}}