{"clique_sizes": [2, 3, 4, 5, 6, 7, 8, 9, 10, 11, 12, 13, 14, 15, 16, 17, 18, 19, 20, 21, 22, 23, 24, 25, 26, 27, 28, 29, 30, 31, 32, 33, 34, 35], "homophily_values": {"2": 0.2616464811263359, "3": 0.523200702964468, "4": 0.647856826431376, "5": 0.7106257502777102, "6": 0.7544616045389463, "7": 0.7738083269727679, "8": 0.782650070599693, "9": 0.7781530604408418, "10": 0.7618706272862583, "11": 0.7446127689977523, "12": 0.6907818483220992, "13": 0.6024466163157077, "14": 0.517752046045361, "15": 0.4563627448407381, "16": 0.41606275453508673, "17": 0.36812150020103324, "18": 0.31478918371563347, "19": 0.2636918878933924, "20": 0.2389477903603893, "21": 0.21154532111764363, "22": 0.2131022117777271, "23": 0.2010734500854245, "24": 0.20265861824406836, "25": 0.2091362195402048, "26": 0.21977920120742658, "27": 0.22676512411991806, "28": 0.23889776424186682, "29": 0.2338512854411956, "30": 0.23558895262336968, "31": 0.22968504994837302, "32": 0.23866105845628918, "33": 0.3037816800256803, "34": 0.3374393612110465, "35": 0.297557688000621}}