{"clique_sizes": [2, 3, 4, 5, 6, 7, 8, 9, 10, 11, 12, 13, 14, 15, 16, 17, 18, 19, 20, 21, 22, 23, 24, 25, 26, 27, 28, 29, 30, 31, 32, 33], "homophily_values": {"2": 0.33117639561572787, "3": 0.5479013285362744, "4": 0.6143917945807585, "5": 0.6347967523820199, "6": 0.6386962088173622, "7": 0.6146288394818068, "8": 0.5785506326425937, "9": 0.5406145996984649, "10": 0.5149154238509974, "11": 0.47768010230093094, "12": 0.4599686050489773, "13": 0.4310036020187767, "14": 0.4149214872963466, "15": 0.3784576861877519, "16": 0.3589674928024201, "17": 0.30508112506846125, "18": 0.25310054493892287, "19": 0.2418719504356453, "20": 0.21993580485542896, "21": 0.21262105140777826, "22": 0.20061636464180427, "23": 0.20118477807228138, "24": 0.13105357259990685, "25": 0.09184192213587784, "26": 0.08513041342208776, "27": 0.07572405474726514, "28": 0.06458189674347835, "29": 0.06998387855736665, "30": 0.07165909148675377, "31": 0.09379389317095753, "32": 0.08061115767684572, "33": 0.07602488110559621}}