{"clique_sizes": [2, 3, 4, 5, 6, 7, 8, 9, 10, 11, 12, 13, 14, 15, 16, 17, 18, 19, 20, 21, 22, 23, 24, 25, 26, 27, 28, 29, 30, 31, 32, 33, 34, 35, 36, 37], "homophily_values": {"2": 0.33755642711696426, "3": 0.5313842314277396, "4": 0.5951046758683636, "5": 0.5922832454268385, "6": 0.5409138062846514, "7": 0.49816924220580955, "8": 0.4502610138865842, "9": 0.41284048023918307, "10": 0.38994836763218327, "11": 0.38758941213147413, "12": 0.3952025796116073, "13": 0.39169788258137783, "14": 0.3850766452416134, "15": 0.35444214195354345, "16": 0.35219415994763625, "17": 0.35832440141728544, "18": 0.3410829409990902, "19": 0.3192108456796623, "20": 0.25870814317470664, "21": 0.2560760845116226, "22": 0.2577078730511836, "23": 0.2680728917301025, "24": 0.2716751319497218, "25": 0.31632811763556146, "26": 0.37502975129811517, "27": 0.3313662233296729, "28": 0.3197899713359197, "29": 0.1398671525733511, "30": 0.1374884209688762, "31": 0.17975874206556583, "32": 0.17946948069401303, "33": 0.30609013823423126, "34": 0.40917040714967723, "35": 0.3939272174963946, "36": 0.525412546974534, "37": 0.7417519176837215}}