{"clique_sizes": [2, 3, 4, 5, 6, 7, 8, 9, 10, 11, 12, 13, 14, 15, 16, 17, 18, 19, 20, 21, 22, 23, 24, 25, 26, 27, 28, 29, 30], "homophily_values": {"2": 0.34935114434261, "3": 0.5004815157937073, "4": 0.5477953368972118, "5": 0.5109377938317075, "6": 0.46952531475918635, "7": 0.42043130721540517, "8": 0.39680819215927593, "9": 0.35816674209799393, "10": 0.3255893439248699, "11": 0.3313513327991235, "12": 0.32573295696500226, "13": 0.34420685596522804, "14": 0.3713624484422655, "15": 0.39237365383351674, "16": 0.4056095375633261, "17": 0.4406267506867607, "18": 0.47651064986228114, "19": 0.5177067057541941, "20": 0.4970001862047925, "21": 0.5361328309327179, "22": 0.4529737691447498, "23": 0.43187072981315455, "24": 0.3408424195029526, "25": 0.12626666660210512, "26": 0.11846142145253323, "27": 0.10134935065794799, "28": 0.10579146997539557, "29": 0.08228772793112368, "30": 0.07934319657689201}}