{"clique_sizes": [2, 3, 4, 5, 6, 7, 8, 9, 10, 11, 12, 13, 14, 15, 16, 17, 18, 19, 20, 21, 22, 23, 24, 25, 26, 27, 28, 29, 30, 31, 32, 33, 34, 35, 36, 37, 38, 39, 40, 41, 42, 43, 44, 45], "homophily_values": {"2": 0.28460820021827526, "3": 0.4078273016011993, "4": 0.43940008862598195, "5": 0.41928762907172, "6": 0.3842106314623056, "7": 0.3716821208848923, "8": 0.3526102479995315, "9": 0.3220858734079294, "10": 0.3023787954328641, "11": 0.26354380735731175, "12": 0.2368052158470415, "13": 0.23209110281519743, "14": 0.22248423144314766, "15": 0.19637638324292425, "16": 0.17425630509776568, "17": 0.1602479192189297, "18": 0.1462698982427334, "19": 0.13247443278751084, "20": 0.12456164301161744, "21": 0.1223799856421747, "22": 0.1286469664183345, "23": 0.12684354581556948, "24": 0.1251982346521294, "25": 0.12592959146228966, "26": 0.1252998351211077, "27": 0.1160506629921856, "28": 0.11333184854948321, "29": 0.10613862143337616, "30": 0.10068759694026984, "31": 0.09913695662811071, "32": 0.10305057307515612, "33": 0.10977341274989566, "34": 0.11152883163198912, "35": 0.1175370800865694, "36": 0.12049897576849898, "37": 0.12718460050695954, "38": 0.1268619863928485, "39": 0.1314436098998685, "40": 0.12056568091404886, "41": 0.11398832550289133, "42": 0.1160855377307848, "43": 0.11314326439020604, "44": 0.11641357221243763, "45": 0.11340583842032659}}