{"clique_sizes": [2, 3, 4, 5, 6, 7, 8, 9, 10, 11, 12, 13, 14, 15, 16, 17, 18, 19, 20, 21, 22, 23, 24, 25, 26, 27, 28, 29], "homophily_values": {"2": 0.27218116079434873, "3": 0.4950080953020524, "4": 0.5850059331971624, "5": 0.6159110978925646, "6": 0.6197200126490298, "7": 0.6043839199885253, "8": 0.5633367783126736, "9": 0.5137050906077392, "10": 0.46672444679065667, "11": 0.4418583384409564, "12": 0.4529192494673889, "13": 0.46539246546367063, "14": 0.49226779724602604, "15": 0.49227185529518863, "16": 0.4217655897077907, "17": 0.349840567755479, "18": 0.3355161485247619, "19": 0.32206968350398535, "20": 0.3741777385500166, "21": 0.4750897620686945, "22": 0.629481272315476, "23": 0.5270776726550753, "24": 0.43592959431046446, "25": 0.26736199722022164, "26": 0.2921002703504911, "27": 0.3614377946704845, "28": 0.38563839591813215, "29": 0.39088656997903803}}