{"clique_sizes": [2, 3, 4, 5, 6, 7, 8, 9, 10, 11, 12, 13, 14, 15, 16, 17, 18, 19, 20, 21, 22, 23, 24, 25, 26, 27, 28, 29, 30, 31, 32, 33, 34, 35, 36, 37, 38, 39, 40], "homophily_values": {"2": 0.3575339903818245, "3": 0.5447759282111635, "4": 0.6179460494356886, "5": 0.6372682503687156, "6": 0.6221420841766919, "7": 0.5840848093305431, "8": 0.509910331025217, "9": 0.45597490990660855, "10": 0.41002737461884353, "11": 0.36709558442603346, "12": 0.3374750399032844, "13": 0.30989718667412064, "14": 0.29322697796151703, "15": 0.29686129640620285, "16": 0.2732907825859461, "17": 0.26219559012938876, "18": 0.2653099214299186, "19": 0.24007903462586888, "20": 0.2256359886953217, "21": 0.18825561320008197, "22": 0.16432148160114476, "23": 0.15660636758730154, "24": 0.13821082445951247, "25": 0.13449671819441372, "26": 0.1425297598004478, "27": 0.15623019572638297, "28": 0.1806217368973448, "29": 0.19550465962872662, "30": 0.19402480853466905, "31": 0.19955657982731165, "32": 0.20193727181009247, "33": 0.21577106619643965, "34": 0.21347021222393348, "35": 0.21706321547204427, "36": 0.2120635784947566, "37": 0.2022170517162663, "38": 0.20537471849008784, "39": 0.22075709966604815, "40": 0.23591221684689112}}