{"clique_sizes": [2, 3, 4, 5, 6, 7, 8, 9, 10, 11, 12, 13, 14, 15, 16, 17, 18, 19, 20, 21, 22, 23, 24, 25, 26, 27, 28, 29, 30, 31, 32, 33, 34, 35, 36, 37, 38], "homophily_values": {"2": 0.24965522776623564, "3": 0.47356260609199874, "4": 0.5669220743592425, "5": 0.6021259491207959, "6": 0.590216173081933, "7": 0.5619308453817724, "8": 0.4925680118873595, "9": 0.4303550041286824, "10": 0.37903604952788744, "11": 0.3164272803363647, "12": 0.2785158990494682, "13": 0.2599539903002254, "14": 0.24238545814821938, "15": 0.2388562835413212, "16": 0.2543786466547655, "17": 0.2855981617971301, "18": 0.2986102887421711, "19": 0.30260751024226235, "20": 0.3617010589289778, "21": 0.45191142535004675, "22": 0.5474524942547284, "23": 0.5576154053566302, "24": 0.5257948388614838, "25": 0.4112629880013429, "26": 0.3390928986474487, "27": 0.2510169352443854, "28": 0.20983265246711919, "29": 0.2083542297437512, "30": 0.20663198789600773, "31": 0.19847386814083207, "32": 0.16384670298947823, "33": 0.14395209326174194, "34": 0.15180106298750218, "35": 0.1550252353109158, "36": 0.14914032315637218, "37": 0.15060851235737918, "38": 0.1610768884540594}}