{"clique_sizes": [2, 3, 4, 5, 6, 7, 8, 9, 10, 11, 12, 13, 14, 15, 16, 17, 18, 19, 20, 21, 22, 23, 24, 25, 26, 27, 28, 29, 30, 31, 32, 33, 34, 35, 36, 37, 38, 39, 40, 41, 42, 43, 44, 45, 46], "homophily_values": {"2": 0.31934169707496507, "3": 0.5583002559669293, "4": 0.6492502525444619, "5": 0.6716363719991674, "6": 0.666186783446715, "7": 0.6615593877872079, "8": 0.6338937398816329, "9": 0.6137242516476638, "10": 0.6167749688535615, "11": 0.6053975237750684, "12": 0.6132218474949194, "13": 0.562621263674738, "14": 0.5005460477355265, "15": 0.4451367156497663, "16": 0.38648265908282625, "17": 0.34855940540354624, "18": 0.32585161380751687, "19": 0.32480580423339656, "20": 0.27438442493225307, "21": 0.2421579940423153, "22": 0.23434783638927972, "23": 0.20473327546669656, "24": 0.22192653268230486, "25": 0.2314826866383642, "26": 0.21419116468916516, "27": 0.211887204986864, "28": 0.219903052672871, "29": 0.21599839993003978, "30": 0.22179990805687347, "31": 0.20297350589723837, "32": 0.19552779380479152, "33": 0.19117340575000058, "34": 0.187125557042667, "35": 0.17277247773868956, "36": 0.17029997882919218, "37": 0.1703396482495751, "38": 0.1794797508094003, "39": 0.17740427295228794, "40": 0.17329188872182757, "41": 0.135302667156418, "42": 0.11563999601206952, "43": 0.10663237394957648, "44": 0.10861046915681545, "45": 0.11208513814097495, "46": 0.11399238270424791}}