{"clique_sizes": [2, 3, 4, 5, 6, 7, 8, 9, 10, 11, 12, 13, 14, 15, 16, 17, 18, 19, 20, 21, 22, 23, 24, 25, 26], "homophily_values": {"2": 0.2947282793641715, "3": 0.507682824077882, "4": 0.6111121171852322, "5": 0.6431268591010871, "6": 0.6522700477868199, "7": 0.6544257238311032, "8": 0.6340700019928748, "9": 0.6327275817147858, "10": 0.6088716416551463, "11": 0.5869801793931643, "12": 0.5657864187685596, "13": 0.523754576268585, "14": 0.42987214951604497, "15": 0.4004143167359315, "16": 0.3715998467088826, "17": 0.3929006742830683, "18": 0.3280699104889989, "19": 0.29321179967567057, "20": 0.2638937367610715, "21": 0.25310861104828397, "22": 0.2270107494548827, "23": 0.2189197827291405, "24": 0.20465315040320003, "25": 0.19692821047081843, "26": 0.2286371725058805}}