{"clique_sizes": [2, 3, 4, 5, 6, 7, 8, 9, 10, 11, 12, 13, 14, 15, 16, 17, 18, 19, 20, 21, 22, 23, 24, 25, 26, 27, 28, 29, 30], "homophily_values": {"2": 0.32770000881514794, "3": 0.5891016166689023, "4": 0.6722421352886843, "5": 0.6893250163006209, "6": 0.6837657583606459, "7": 0.6590337232526834, "8": 0.6317029087592155, "9": 0.6193830048688979, "10": 0.6057605410528166, "11": 0.61018922167024, "12": 0.6238317815360404, "13": 0.604021049415711, "14": 0.6061704995214507, "15": 0.6296011275814773, "16": 0.6190441223758729, "17": 0.5672372518222276, "18": 0.5244103514024633, "19": 0.3851455202769337, "20": 0.3228546286734336, "21": 0.2891430323617903, "22": 0.29624803675893835, "23": 0.25166497107804553, "24": 0.24911744514256595, "25": 0.21081802994035392, "26": 0.14634388305171853, "27": 0.14705949382152783, "28": 0.16392798496817956, "29": 0.15847978712435576, "30": 0.16719459860010974}}