{"clique_sizes": [2, 3, 4, 5, 6, 7, 8, 9, 10, 11, 12, 13, 14, 15, 16, 17, 18, 19, 20, 21, 22, 23, 24, 25, 26, 27, 28, 29, 30, 31, 32, 33, 34, 35, 36, 37, 38, 39, 40, 41, 42, 43, 44, 45, 46, 47, 48, 49], "homophily_values": {"2": 0.3009310645930336, "3": 0.42597180632697645, "4": 0.44328581746018747, "5": 0.4340322055125587, "6": 0.4142069057240714, "7": 0.4038561063168958, "8": 0.38635261256433195, "9": 0.3709375246491092, "10": 0.3649098057349495, "11": 0.3530902421067269, "12": 0.3347560485106011, "13": 0.318540725861666, "14": 0.30708802361849974, "15": 0.28762187893245783, "16": 0.26837816901001943, "17": 0.26527088720448905, "18": 0.2614879310415007, "19": 0.23484568346688525, "20": 0.21708494122169464, "21": 0.19121995389572896, "22": 0.17565538958166377, "23": 0.1742117212226422, "24": 0.17578879116220678, "25": 0.16065569420079637, "26": 0.14977460839514833, "27": 0.14336673044221132, "28": 0.1410055788637248, "29": 0.14178005656939793, "30": 0.13949861819345258, "31": 0.14069614054929724, "32": 0.14064540255796068, "33": 0.1437320163804837, "34": 0.147796962515648, "35": 0.1480211521307171, "36": 0.14698453695312108, "37": 0.14693505289656228, "38": 0.14628186539491692, "39": 0.14410919542814574, "40": 0.14058498411561457, "41": 0.14161123493375175, "42": 0.14696010198537196, "43": 0.15422992786072115, "44": 0.16114301476460732, "45": 0.17367230646407913, "46": 0.19713879145462695, "47": 0.23160444845986283, "48": 0.22617562315764633, "49": 0.2290668528363768}}