{"clique_sizes": [2, 3, 4, 5, 6, 7, 8, 9, 10, 11, 12, 13, 14, 15, 16, 17, 18, 19, 20, 21, 22, 23, 24, 25, 26, 27, 28, 29, 30, 31, 32, 33, 34, 35, 36, 37, 38, 39, 40, 41, 42, 43, 44], "homophily_values": {"2": 0.2848680856696325, "3": 0.45792781379205094, "4": 0.5149947549250683, "5": 0.5264764102746685, "6": 0.5070023622311257, "7": 0.4785035770096748, "8": 0.4365976540630074, "9": 0.39027202484485335, "10": 0.3478588917288413, "11": 0.31676069957601216, "12": 0.2947280256228675, "13": 0.2847313959758143, "14": 0.2984929384165149, "15": 0.3196531152137748, "16": 0.34137456896511376, "17": 0.3690543757433051, "18": 0.3688441509468683, "19": 0.3718310848441051, "20": 0.35572812123983527, "21": 0.3359867237379986, "22": 0.3057291357064762, "23": 0.2823216757055478, "24": 0.2611404494181152, "25": 0.24852551746387364, "26": 0.24035875511419785, "27": 0.23853397606001772, "28": 0.23420571506123752, "29": 0.23260293969286547, "30": 0.23628152291003526, "31": 0.23606785958835017, "32": 0.22139145230507923, "33": 0.19615568106759831, "34": 0.17108643444195412, "35": 0.1618442524089934, "36": 0.1565346240947295, "37": 0.16332214062168796, "38": 0.17505946140321374, "39": 0.20413902767929745, "40": 0.2602511365216364, "41": 0.34192410662205264, "42": 0.36479813791069515, "43": 0.37768942996942556, "44": 0.3827782789417576}}