{"clique_sizes": [2, 3, 4, 5, 6, 7, 8, 9, 10, 11, 12, 13, 14, 15, 16, 17, 18, 19, 20, 21, 22, 23, 24, 25, 26, 27, 28, 29, 30, 31, 32, 33, 34, 35, 36, 37, 38, 39, 40, 41, 42, 43, 44, 45, 46, 47, 48], "homophily_values": {"2": 0.3571709426628922, "3": 0.5240927472555694, "4": 0.5566671805051666, "5": 0.5366069031877455, "6": 0.5017796550960147, "7": 0.5016962303532004, "8": 0.5266121152772338, "9": 0.5568920430778143, "10": 0.5809742912395947, "11": 0.595042169549506, "12": 0.5992752959197472, "13": 0.5926752822694479, "14": 0.563368608917173, "15": 0.4840091125457492, "16": 0.4133847683781429, "17": 0.34429584565781507, "18": 0.31312040452158124, "19": 0.2876013499760526, "20": 0.2689368675191079, "21": 0.24902127776928032, "22": 0.2369606794586535, "23": 0.22807445406447382, "24": 0.22281617251264907, "25": 0.22357722153780657, "26": 0.22019689025739095, "27": 0.21766222786444164, "28": 0.21748923273423254, "29": 0.21539554530966398, "30": 0.2158416878332247, "31": 0.2182554052487722, "32": 0.2139774968620783, "33": 0.2073376675350841, "34": 0.20287781614479117, "35": 0.20053359322476247, "36": 0.19469831795823697, "37": 0.1876905955068214, "38": 0.18498420545350844, "39": 0.1827482296577261, "40": 0.17305501018087688, "41": 0.17072845239696888, "42": 0.1679817157829155, "43": 0.16496321323969376, "44": 0.15693279722123402, "45": 0.14628155697331313, "46": 0.13827767653807527, "47": 0.11722242513219362, "48": 0.12195597611892452}}