{"clique_sizes": [2, 3, 4, 5, 6, 7, 8, 9, 10, 11, 12, 13, 14, 15, 16, 17, 18, 19, 20, 21, 22, 23, 24, 25, 26, 27, 28, 29, 30], "homophily_values": {"2": 0.27897733859820245, "3": 0.5000220644357822, "4": 0.6288890660938663, "5": 0.6896658182533286, "6": 0.7025549453602143, "7": 0.6832299718924595, "8": 0.6463194218915688, "9": 0.5785715609957957, "10": 0.5150623109699661, "11": 0.4712114214823354, "12": 0.4298640917792214, "13": 0.42692506492602117, "14": 0.40435442697078133, "15": 0.3846496753790589, "16": 0.30865718007548865, "17": 0.29736482036886636, "18": 0.293423912432193, "19": 0.29669972878180023, "20": 0.26813872745247247, "21": 0.2019500319434223, "22": 0.21477813691516345, "23": 0.19110076624759373, "24": 0.27349222268487716, "25": 0.450508709729821, "26": 0.44304351437311207, "27": 0.4467445303178056, "28": 0.4404626280073829, "29": 0.2590781729449072, "30": 0.22796648041111867}}