{"clique_sizes": [2, 3, 4, 5, 6, 7, 8, 9, 10, 11, 12, 13, 14, 15, 16, 17, 18, 19, 20, 21, 22, 23, 24, 25, 26, 27, 28, 29, 30, 31, 32, 33, 34, 35, 36, 37], "homophily_values": {"2": 0.33481050804332635, "3": 0.5107786602348018, "4": 0.5596605151015421, "5": 0.5441426685856801, "6": 0.5270486372178644, "7": 0.5138533159062331, "8": 0.4948458762712644, "9": 0.472397902463034, "10": 0.44184618443319945, "11": 0.42440730709266244, "12": 0.40940801430180845, "13": 0.3991965018370911, "14": 0.3879279822425542, "15": 0.37402932538175426, "16": 0.35071975365302516, "17": 0.3261214324636969, "18": 0.3037527248947122, "19": 0.29026428620310973, "20": 0.29217389166346885, "21": 0.29829469008313764, "22": 0.2907800867952495, "23": 0.2543377320531099, "24": 0.21544048399541574, "25": 0.1945933179796232, "26": 0.18980153786410797, "27": 0.1560698755573255, "28": 0.1272981012975105, "29": 0.10539335718150726, "30": 0.10445321509222855, "31": 0.11588700678872196, "32": 0.13932630709118957, "33": 0.16748192228856054, "34": 0.33122435132873757, "35": 0.2502837606859699, "36": 0.34693159549866925, "37": 0.7318710038016781}}