{"clique_sizes": [2, 3, 4, 5, 6, 7, 8, 9, 10, 11, 12, 13, 14, 15, 16, 17, 18, 19, 20, 21, 22, 23, 24, 25, 26, 27, 28, 29, 30, 31, 32, 33, 34, 35], "homophily_values": {"2": 0.24394536527439054, "3": 0.596943762035759, "4": 0.7567978343476142, "5": 0.8112034590176241, "6": 0.8154751863741488, "7": 0.7831440956993561, "8": 0.7331285682973373, "9": 0.6788178163662656, "10": 0.6367480353691042, "11": 0.6288366926925153, "12": 0.6298436751706455, "13": 0.6456805106720032, "14": 0.6604513164834641, "15": 0.6886629441571898, "16": 0.7105331200924743, "17": 0.7132358739173416, "18": 0.6914342518037931, "19": 0.6480420898442413, "20": 0.5707800027133765, "21": 0.48437059267989746, "22": 0.40908384296973693, "23": 0.3615855478721475, "24": 0.3407575495640677, "25": 0.3586849590239026, "26": 0.37236339532254675, "27": 0.4039693736919944, "28": 0.4442515320746182, "29": 0.4225256097109266, "30": 0.43361957954443237, "31": 0.44658327780702545, "32": 0.3749998651808271, "33": 0.24841972825991904, "34": 0.1603276408486044, "35": 0.1519539545162713}}