{"clique_sizes": [2, 3, 4, 5, 6, 7, 8, 9, 10, 11, 12, 13, 14, 15, 16, 17, 18, 19, 20, 21, 22, 23, 24, 25, 26, 27, 28, 29, 30, 31, 32, 33, 34, 35, 36, 37, 38, 39, 40, 41, 42, 43, 44, 45, 46, 47, 48, 49, 50, 51, 52, 53, 54, 55, 56], "homophily_values": {"2": 0.22485382117578775, "3": 0.48292498908680653, "4": 0.6208411841880053, "5": 0.677054099837806, "6": 0.687531933705332, "7": 0.6682881306465249, "8": 0.6225787541724878, "9": 0.5725247009390637, "10": 0.5143795544552993, "11": 0.461237455010003, "12": 0.4371792397162543, "13": 0.42111040179527376, "14": 0.41700999054154064, "15": 0.3931465131159163, "16": 0.3629876734649121, "17": 0.3183335970381498, "18": 0.2869058386714101, "19": 0.25840511026696505, "20": 0.2482937816170358, "21": 0.23786333769670315, "22": 0.2237180680090686, "23": 0.21159351167971957, "24": 0.20479036728283784, "25": 0.20423796306155573, "26": 0.20758498143148532, "27": 0.21014686695711624, "28": 0.2114459360938374, "29": 0.21290598053749288, "30": 0.21686075782647762, "31": 0.22230617981699316, "32": 0.22822108086453183, "33": 0.23475000440611463, "34": 0.24103182726445835, "35": 0.25185382100464726, "36": 0.2362352354545456, "37": 0.20031937785845988, "38": 0.17635509591842347, "39": 0.1718522091317074, "40": 0.17303038535536758, "41": 0.17309096906963328, "42": 0.1750669875620739, "43": 0.1789598750180418, "44": 0.1719135224002668, "45": 0.17393587734583468, "46": 0.17030426805420104, "47": 0.16628025265289953, "48": 0.17221561423221524, "49": 0.17004939051525123, "50": 0.16874965696752087, "51": 0.16466571337758512, "52": 0.16683545999571178, "53": 0.17037943222342866, "54": 0.16732762544038174, "55": 0.18301036343963203, "56": 0.1765168522469144}}