{"clique_sizes": [2, 3, 4, 5, 6, 7, 8, 9, 10, 11, 12, 13, 14, 15, 16, 17, 18, 19, 20, 21, 22, 23, 24, 25, 26, 27, 28, 29, 30, 31, 32, 33, 34], "homophily_values": {"2": 0.21393355172529843, "3": 0.313501399278479, "4": 0.33453245077677285, "5": 0.3407485956246704, "6": 0.34467590587076913, "7": 0.3488129207395278, "8": 0.39193555801374025, "9": 0.4296367408013795, "10": 0.4823798388931225, "11": 0.5317805082422484, "12": 0.4931511323203206, "13": 0.47938835450234113, "14": 0.4583154937012171, "15": 0.36641873395817315, "16": 0.3088315320075892, "17": 0.1997878286868411, "18": 0.1345198779147733, "19": 0.10139868511007709, "20": 0.0982915756482707, "21": 0.09947335034863357, "22": 0.08616162576541346, "23": 0.10665245639265819, "24": 0.13505663855420041, "25": 0.1360965092037618, "26": 0.13091255194551302, "27": 0.13183308797196017, "28": 0.1380059870795852, "29": 0.14498970026222413, "30": 0.15959660359897185, "31": 0.202334630576198, "32": 0.19440329877794998, "33": 0.17673033444958108, "34": 0.21058802562135145}}