{"clique_sizes": [2, 3, 4, 5, 6, 7, 8, 9, 10, 11, 12, 13, 14, 15, 16, 17, 18, 19, 20, 22, 23, 25, 26, 27], "homophily_values": {"2": 0.2405252388667104, "3": 0.443370393675471, "4": 0.5951323186080206, "5": 0.657431559461649, "6": 0.6897610683087924, "7": 0.6725290391887779, "8": 0.6320615666145438, "9": 0.5925419146822681, "10": 0.5851599835861727, "11": 0.5451446107529517, "12": 0.5583078986644143, "13": 0.5558698636935814, "14": 0.531928599601498, "15": 0.43227385423211157, "16": 0.5010177117530412, "17": 0.37478739324594607, "18": 0.20547484403565203, "19": 0.23283336023321738, "20": 0.23005742831300866, "22": 0.09770741800156824, "23": 0.10964701738529035, "25": 0.10780917190872459, "26": 0.12399159321630515, "27": 0.12310640093965118}}