{"clique_sizes": [2, 3, 4, 5, 6, 7, 8, 9, 10, 11, 12, 13, 14, 15, 16, 17, 18, 19, 20, 21, 22, 23, 24, 25, 26, 27, 28, 29, 30, 31, 32, 33, 34, 35, 36, 37, 38, 39], "homophily_values": {"2": 0.2875913067600249, "3": 0.5793845355974894, "4": 0.6788348133054439, "5": 0.7015623841494029, "6": 0.6766218340751387, "7": 0.6333495534844243, "8": 0.5994466506436644, "9": 0.5857840414061992, "10": 0.5799560252069711, "11": 0.5807429492887586, "12": 0.5746947097610016, "13": 0.5800091838673417, "14": 0.5859817298825774, "15": 0.6007109912351116, "16": 0.6117121811300295, "17": 0.6272612640275538, "18": 0.6297561131902465, "19": 0.6382397777824346, "20": 0.6267757720108513, "21": 0.597241700353963, "22": 0.5888188991961925, "23": 0.5739752283518934, "24": 0.5300260770283537, "25": 0.4413980952731002, "26": 0.3411692000145275, "27": 0.29186536406096103, "28": 0.257897374104546, "29": 0.22106773096879143, "30": 0.20232962529827758, "31": 0.19139792407192088, "32": 0.17871009698966558, "33": 0.16778738240596647, "34": 0.16487741919542828, "35": 0.1627384471182796, "36": 0.15875048742619918, "37": 0.15186471420526665, "38": 0.145937484533931, "39": 0.13366914258664817}}