{"clique_sizes": [2, 3, 4, 5, 6, 7, 8, 9, 10, 11, 12, 13, 14, 15, 16, 17, 18, 19, 20, 21, 22, 23, 24, 25, 26, 27, 28, 29, 30, 31, 32, 33, 34, 35, 36, 37, 38, 39, 40, 41, 42, 43, 44], "homophily_values": {"2": 0.1658466809292143, "3": 0.5483324441437596, "4": 0.7125545060969574, "5": 0.8027277933291725, "6": 0.8372781780669106, "7": 0.8347479124492222, "8": 0.8128206660395273, "9": 0.7744859313908422, "10": 0.7333702189905045, "11": 0.6764437253194584, "12": 0.6193194744640839, "13": 0.5761567470196208, "14": 0.5411710518847817, "15": 0.5260707251083886, "16": 0.5198236878323166, "17": 0.4894780004429852, "18": 0.45301442858502067, "19": 0.4006857778696546, "20": 0.37112755003443926, "21": 0.3551443523011465, "22": 0.3242591961219954, "23": 0.30487697334891295, "24": 0.29886050991573443, "25": 0.300460113032685, "26": 0.2990208654076378, "27": 0.3130374092873687, "28": 0.3056644019199694, "29": 0.29073559528204884, "30": 0.29987594669261347, "31": 0.3053762154886685, "32": 0.3078944640524363, "33": 0.2848032326469138, "34": 0.2665380543873716, "35": 0.2503244409709406, "36": 0.25643553238164046, "37": 0.24859645913283093, "38": 0.24141306012295394, "39": 0.2221145072332158, "40": 0.21160725868811628, "41": 0.19249537461867158, "42": 0.19074013327757894, "43": 0.18046935255673308, "44": 0.17256668593403138}}