{"clique_sizes": [2, 3, 4, 5, 6, 7, 8, 9, 10, 11, 12, 13, 14, 15, 16, 17, 18, 19], "homophily_values": {"2": 0.17068619531308662, "3": 0.4633458179983591, "4": 0.5649272901058815, "5": 0.6371479911111201, "6": 0.6825259789052277, "7": 0.7055751826672911, "8": 0.7035783476344377, "9": 0.6875094068442164, "10": 0.663544135619107, "11": 0.6278267211299805, "12": 0.6061711018286451, "13": 0.5770793727568778, "14": 0.4308033039017061, "15": 0.2642816704002846, "16": 0.17285749386463437, "17": 0.13077758968517417, "18": 0.10227304950300067, "19": 0.08379295511839349}}