{"clique_sizes": [2, 3, 4, 5, 6, 7, 8, 9, 10, 11, 12, 13, 14, 15, 16, 17, 18, 19, 20, 21, 22, 23, 24, 25, 26, 27, 28, 29, 30, 31, 33, 34, 35], "homophily_values": {"2": 0.26996480092423836, "3": 0.5427125655322248, "4": 0.6537951755857775, "5": 0.7232758964067688, "6": 0.7443701591357158, "7": 0.7582650381421763, "8": 0.7771015417657081, "9": 0.7879196220724447, "10": 0.7477455733454768, "11": 0.7014119879857657, "12": 0.6998004070371071, "13": 0.6924007505388432, "14": 0.6990073729104356, "15": 0.7069482816271682, "16": 0.6710119013373425, "17": 0.4901530172811966, "18": 0.3008336401983771, "19": 0.205403549345511, "20": 0.22586875155871328, "21": 0.18927138898095186, "22": 0.13999310818995206, "23": 0.12551576474289497, "24": 0.10574804302778285, "25": 0.13576613437830506, "26": 0.13640548972080335, "27": 0.13047644729003363, "28": 0.13032991708582362, "29": 0.15910036476761338, "30": 0.12382700767829577, "31": 0.14868056919957515, "33": 0.15882656019858246, "34": 0.16338448121705645, "35": 0.16773508194234732}}