{"clique_sizes": [2, 3, 4, 5, 6, 7, 8, 9, 10, 11, 12, 13, 14, 15, 16, 17, 18, 19, 20, 21, 22, 23, 24, 25, 26, 27, 28, 29, 30, 31, 32, 33, 34], "homophily_values": {"2": 0.19700182571324834, "3": 0.6406485383241324, "4": 0.8020611583333088, "5": 0.8639485151471089, "6": 0.8886821095273542, "7": 0.9060943105392552, "8": 0.9096316022341223, "9": 0.9009904658857983, "10": 0.8728916666014234, "11": 0.8171103262030047, "12": 0.7436625695648789, "13": 0.6630776595704404, "14": 0.5699675454629433, "15": 0.505539129932889, "16": 0.47553090450118496, "17": 0.4602393432986145, "18": 0.4024649586712562, "19": 0.3664048191472546, "20": 0.3230031996732149, "21": 0.28525495554291097, "22": 0.2328208233298426, "23": 0.20993179696545908, "24": 0.18258909872542714, "25": 0.1963075088691793, "26": 0.1994309384156944, "27": 0.2071268386397352, "28": 0.203757110902294, "29": 0.19464160457253402, "30": 0.2133497921884659, "31": 0.24910132923430262, "32": 0.2795758390734311, "33": 0.2708094908808508, "34": 0.221914615388162}}