{"clique_sizes": [2, 3, 4, 5, 6, 7, 8, 9, 10, 11, 12, 13, 14, 15, 16, 17, 18, 19, 20, 21, 22, 23, 24, 25, 26, 27, 28, 29, 30, 31, 32, 33, 34, 35, 36, 37, 38, 39, 40, 41, 42], "homophily_values": {"2": 0.3537487137261935, "3": 0.4903785657119198, "4": 0.5361377169935532, "5": 0.5259772835863151, "6": 0.4796360314464049, "7": 0.4415166120912607, "8": 0.3998917148275591, "9": 0.3668739139559333, "10": 0.34718399889090507, "11": 0.3346902506682832, "12": 0.3222958612978081, "13": 0.3126346364155275, "14": 0.29881653853231394, "15": 0.2833880678914243, "16": 0.26393114495653075, "17": 0.2540559103310379, "18": 0.24282455492866356, "19": 0.2235490804958196, "20": 0.19416153246292372, "21": 0.1930223961277133, "22": 0.19348999585226992, "23": 0.19966383822878156, "24": 0.18890032441783877, "25": 0.16832003307587906, "26": 0.16021674759472887, "27": 0.1613959024621689, "28": 0.15055324253937943, "29": 0.14627622808715576, "30": 0.15549162940907885, "31": 0.1762261970735226, "32": 0.189694453233255, "33": 0.188971656517855, "34": 0.1686650397264181, "35": 0.15610871877584065, "36": 0.14521112510667722, "37": 0.14916848317729298, "38": 0.14448970329342734, "39": 0.14769174177131164, "40": 0.1436739071121729, "41": 0.14456376981467112, "42": 0.13558985145916966}}