{"clique_sizes": [2, 3, 4, 5, 6, 7, 8, 9, 10, 11, 12, 13, 14, 15, 16, 17, 18, 19, 20, 21, 22, 23, 24, 25, 26, 27, 28, 29, 30, 31, 32, 33, 34, 35], "homophily_values": {"2": 0.1215869884998719, "3": 0.4442958183065195, "4": 0.5762951994380171, "5": 0.6311998168702351, "6": 0.6553258767432016, "7": 0.6672849910429816, "8": 0.6625118972231046, "9": 0.6292410629813123, "10": 0.5636091215813919, "11": 0.4798841813855469, "12": 0.40846750263742965, "13": 0.35947184421897865, "14": 0.31888385127554936, "15": 0.3000463317755258, "16": 0.27616062698170424, "17": 0.25277413652604025, "18": 0.2303387804821399, "19": 0.2164338195404876, "20": 0.2153271664952586, "21": 0.2167807671142903, "22": 0.22518520611112436, "23": 0.23781347267933017, "24": 0.2601392491914092, "25": 0.27756441863827713, "26": 0.2882078076702918, "27": 0.31302749697675397, "28": 0.3275201434655669, "29": 0.29039150597912367, "30": 0.2590463733092113, "31": 0.24003232861923182, "32": 0.24735351358263663, "33": 0.33732044211917284, "34": 0.40486092984926486, "35": 0.568719766768132}}