{"clique_sizes": [2, 3, 4, 5, 6, 7, 8, 9, 10, 11, 12, 13, 14, 15, 16, 17, 18, 19, 20, 21, 22, 23, 24, 25, 26, 27, 28, 29, 30, 31, 32, 33, 34, 35, 36, 37, 38, 39, 40], "homophily_values": {"2": 0.08761923732370029, "3": 0.49806979220410086, "4": 0.7006993192723674, "5": 0.7723511621380789, "6": 0.8007724523389153, "7": 0.8043958672971433, "8": 0.7963193795355964, "9": 0.7850116327569698, "10": 0.7668976662276555, "11": 0.7295484464682539, "12": 0.656337378956862, "13": 0.5792742041967752, "14": 0.49025444228982323, "15": 0.4254072633655808, "16": 0.36745791219242224, "17": 0.32793522258559304, "18": 0.3005782626178682, "19": 0.2799361329163237, "20": 0.26463242534271925, "21": 0.2615177568164223, "22": 0.2650073599575487, "23": 0.27314314953080515, "24": 0.2820074069343838, "25": 0.28251178495560814, "26": 0.3080100808494077, "27": 0.4028529203915846, "28": 0.6005214169709079, "29": 0.7612720873791766, "30": 0.7913571267597557, "31": 0.7896909251945873, "32": 0.7840193686416396, "33": 0.7669146419165616, "34": 0.7579889768802303, "35": 0.7448386386205618, "36": 0.737411221245562, "37": 0.7347608069557826, "38": 0.708498192541104, "39": 0.7015959392292915, "40": 0.6824608464057533}}