{"clique_sizes": [2, 3, 4, 5, 6, 7, 8, 9, 10, 11, 12, 13, 14, 15, 16, 17, 18, 19], "homophily_values": {"2": 0.297662226839532, "3": 0.4401421017796858, "4": 0.5680431440128362, "5": 0.618751196912515, "6": 0.6301307395243422, "7": 0.6532466984622923, "8": 0.6738696225146031, "9": 0.6904005229423837, "10": 0.6602148307334031, "11": 0.5823039813085594, "12": 0.4929231677646662, "13": 0.3377849543128793, "14": 0.32457134598599774, "15": 0.3153623499712081, "16": 0.41327909492896914, "17": 0.41105624374587063, "18": 0.3099140340964615, "19": 0.13851217016263329}}