{"clique_sizes": [2, 3, 4, 5, 6, 7, 8, 9, 10, 11, 12, 13, 14, 15, 16, 17, 18, 19, 20, 21, 22, 23, 24, 25, 26], "homophily_values": {"2": 0.04307343998547502, "3": 0.387095929315799, "4": 0.579356907013099, "5": 0.6699946853335199, "6": 0.7058488920049077, "7": 0.7148242987600414, "8": 0.6875898136540212, "9": 0.640930879561943, "10": 0.5752174981132883, "11": 0.5079499002790178, "12": 0.4601938131871316, "13": 0.4613346912986329, "14": 0.49396737985790634, "15": 0.5014158441061293, "16": 0.4761878630927148, "17": 0.41673595954749826, "18": 0.33074992159841965, "19": 0.24662516514664504, "20": 0.19847017719783774, "21": 0.19568368828572935, "22": 0.20139467342281872, "23": 0.24240789003469534, "24": 0.27155714499043176, "25": 0.44960216347568255, "26": 0.45266844668751727}}