{"clique_sizes": [2, 3, 4, 5, 6, 7, 8, 9, 10, 11, 12, 13, 14, 15, 16, 17, 18, 19, 20, 21, 22, 23, 24], "homophily_values": {"2": -0.0763979101531579, "3": 0.27323798525873166, "4": 0.5372420048569281, "5": 0.7052824861967528, "6": 0.8079414393490492, "7": 0.8468632109374391, "8": 0.8627936343785801, "9": 0.8676565021540101, "10": 0.8513982698005945, "11": 0.8090279024821964, "12": 0.7611280833901386, "13": 0.7390889586521591, "14": 0.714792953489501, "15": 0.6448900644030209, "16": 0.581334130383887, "17": 0.5888131131530338, "18": 0.49517109142260485, "19": 0.6286360297544532, "20": 0.8231146124839841, "21": 0.9945195914456116, "22": 1, "23": 1, "24": 1}}