{"clique_sizes": [2, 3, 4, 5, 6, 7, 8, 9, 10, 11, 12, 13, 14, 15, 16, 17, 18, 19, 20, 21, 22, 23, 24, 25, 26, 27, 28, 29, 30, 31, 32], "homophily_values": {"2": 0.16916539545386988, "3": 0.48908220389910106, "4": 0.613515155747197, "5": 0.6561657413380559, "6": 0.6535366284990238, "7": 0.6320392054023962, "8": 0.5947751544876365, "9": 0.5559606913219483, "10": 0.532756612344103, "11": 0.5008736694108038, "12": 0.4688348475134735, "13": 0.46074543649476873, "14": 0.4280910209464961, "15": 0.4135160299667209, "16": 0.39857537275189486, "17": 0.3784986460131872, "18": 0.3494982510882209, "19": 0.3257389273209236, "20": 0.2947685038550064, "21": 0.30109561541793783, "22": 0.2784386319523901, "23": 0.27089638271833383, "24": 0.2686255597759084, "25": 0.2890243215958931, "26": 0.24942305092636732, "27": 0.18174748350658176, "28": 0.21589737105990786, "29": 0.14007216316624135, "30": 0.10391421402842596, "31": 0.08633432008137001, "32": 0.07507392286370862}}