{"clique_sizes": [2, 3, 4, 5, 6, 7, 8, 9, 10, 11, 12, 13, 14, 15, 16, 17, 18, 19, 20, 21, 22, 23, 24, 25, 26, 27, 28, 29, 30, 31, 32], "homophily_values": {"2": 0.30499943461855344, "3": 0.4651176916949085, "4": 0.5317409541446261, "5": 0.5772653125277568, "6": 0.5904425407839244, "7": 0.6139020292731372, "8": 0.6411605926674916, "9": 0.6930914315515841, "10": 0.7334933116447786, "11": 0.7558872423991033, "12": 0.7483011753411006, "13": 0.7390562164891622, "14": 0.721531293303149, "15": 0.6710962474246897, "16": 0.5744541091818002, "17": 0.4695345166483556, "18": 0.3655854258574091, "19": 0.2874463603809529, "20": 0.24888547954339105, "21": 0.22045584177193114, "22": 0.2242053923071408, "23": 0.204988294573416, "24": 0.20658652781701736, "25": 0.20092750781743618, "26": 0.2015189296519934, "27": 0.2066633641433272, "28": 0.19381858188985862, "29": 0.19011577535778693, "30": 0.24810615293234967, "31": 0.3594588529073911, "32": 0.47200810741419963}}