{"clique_sizes": [2, 3, 4, 5, 6, 7, 8, 9, 10, 11, 12, 13, 14, 15, 16, 17, 18, 19, 20, 21, 22, 23, 24, 25, 26, 27, 28], "homophily_values": {"2": 0.12069926541104771, "3": 0.42253730675930684, "4": 0.5866027076550147, "5": 0.6638496660977943, "6": 0.7042151347083552, "7": 0.7224550754126899, "8": 0.7238437160670004, "9": 0.7131542145388733, "10": 0.7006747169964928, "11": 0.6974494274528868, "12": 0.6849640092929343, "13": 0.6710004652072016, "14": 0.6621471169212584, "15": 0.6286484767932291, "16": 0.6336429451346228, "17": 0.6317334811532329, "18": 0.6351464226754411, "19": 0.5895805561285771, "20": 0.5621795103289116, "21": 0.5379004646776985, "22": 0.46795400766700673, "23": 0.448872542888517, "24": 0.4946800279529455, "25": 0.545353667884664, "26": 0.7548839397193526, "27": 0.6714016710030412, "28": 1}}